 0.7507294465499E+00, 0.7509642154126E+00, 0.7508337232805E+00, 0.7506998072340E+00, 0.7505641197416E+00, 0.7504324572373E+00, 0.7503130442998E+00, 0.7502020853210E+00, 0.7500702083795E+00
 0.7486398362470E+00, 0.7488882402563E+00, 0.7487710540647E+00, 0.7486506341829E+00, 0.7485285512385E+00, 0.7484103042987E+00, 0.7483036893469E+00, 0.7482051070819E+00, 0.7480865199269E+00
 0.7442181203439E+00, 0.7444761702286E+00, 0.7443698004522E+00, 0.7442603831099E+00, 0.7441494079809E+00, 0.7440420765419E+00, 0.7439457552895E+00, 0.7438570415909E+00, 0.7437492190926E+00
 0.7421273553730E+00, 0.7423898559352E+00, 0.7422885127659E+00, 0.7421842149593E+00, 0.7420784121088E+00, 0.7419761564412E+00, 0.7418845987566E+00, 0.7418004351520E+00, 0.7416976040628E+00
 0.7375014342427E+00, 0.7377737294028E+00, 0.7376834629220E+00, 0.7375904516620E+00, 0.7374960553994E+00, 0.7374049901851E+00, 0.7373239204048E+00, 0.7372497646979E+00, 0.7371579221233E+00
 0.7353061823389E+00, 0.7355837069322E+00, 0.7354991711709E+00, 0.7354119799893E+00, 0.7353234569930E+00, 0.7352381812908E+00, 0.7351626187726E+00, 0.7350937787879E+00, 0.7350076450455E+00
 0.7337052179779E+00, 0.7339870273712E+00, 0.7339070413918E+00, 0.7338244512072E+00, 0.7337405615422E+00, 0.7336598796419E+00, 0.7335887671463E+00, 0.7335242810036E+00, 0.7334427094021E+00
 0.7509386219604E+00, 0.7508072605233E+00, 0.7506729769038E+00, 0.7505373788141E+00, 0.7504076138980E+00, 0.7502916909868E+00, 0.7501780020881E+00, 0.7500400792279E+00, 0.7498724297117E+00
 0.7488652684554E+00, 0.7487472576546E+00, 0.7486264956375E+00, 0.7485044992251E+00, 0.7483880586421E+00, 0.7482847734252E+00, 0.7481835540500E+00, 0.7480592177169E+00, 0.7479064954404E+00
 0.7444553269057E+00, 0.7443481759094E+00, 0.7442384419094E+00, 0.7441275495261E+00, 0.7440219326889E+00, 0.7439287813789E+00, 0.7438375186290E+00, 0.7437242420681E+00, 0.7435839015162E+00
 0.7423700011914E+00, 0.7422678982824E+00, 0.7421632968306E+00, 0.7420575747007E+00, 0.7419569877201E+00, 0.7418685205181E+00, 0.7417818497106E+00, 0.7416737118296E+00, 0.7415391637256E+00
 0.7377560526319E+00, 0.7376650745155E+00, 0.7375717896638E+00, 0.7374774695669E+00, 0.7373879700539E+00, 0.7373098132863E+00, 0.7372332406732E+00, 0.7371364219436E+00, 0.7370146500491E+00
 0.7355671585429E+00, 0.7354819312687E+00, 0.7353944798980E+00, 0.7353060319057E+00, 0.7352222809572E+00, 0.7351495609198E+00, 0.7350783386431E+00, 0.7349873632644E+00, 0.7348720203440E+00
 0.7339713764972E+00, 0.7338907103575E+00, 0.7338078679747E+00, 0.7337240535450E+00, 0.7336448758125E+00, 0.7335765698568E+00, 0.7335097197944E+00, 0.7334233777829E+00, 0.7333129771769E+00
 0.7507977799266E+00, 0.7506632521221E+00, 0.7505276355312E+00, 0.7503986649521E+00, 0.7502838109950E+00, 0.7501699782656E+00, 0.7500283908735E+00, 0.7498600231923E+00, 0.7496984505125E+00
 0.7487387382608E+00, 0.7486177453149E+00, 0.7484957275053E+00, 0.7483800437478E+00, 0.7482777763796E+00, 0.7481764306516E+00, 0.7480485774416E+00, 0.7478951719267E+00, 0.7477482057418E+00
 0.7443404395175E+00, 0.7442304872863E+00, 0.7441195702450E+00, 0.7440146725502E+00, 0.7439224879140E+00, 0.7438311168584E+00, 0.7437144674351E+00, 0.7435734782628E+00, 0.7434385670260E+00
 0.7422605261419E+00, 0.7421557127132E+00, 0.7420499641456E+00, 0.7419500774626E+00, 0.7418625513838E+00, 0.7417757817246E+00, 0.7416643412960E+00, 0.7415291618282E+00, 0.7413998777946E+00
 0.7376585054120E+00, 0.7375650225501E+00, 0.7374706718516E+00, 0.7373818303913E+00, 0.7373045574812E+00, 0.7372279081676E+00, 0.7371279418490E+00, 0.7370055773651E+00, 0.7368886962459E+00
 0.7354757767666E+00, 0.7353881332523E+00, 0.7352996530695E+00, 0.7352165433675E+00, 0.7351446843077E+00, 0.7350733951878E+00, 0.7349793331468E+00, 0.7348634135806E+00, 0.7347528121544E+00
 0.7338848840467E+00, 0.7338018528836E+00, 0.7337180057061E+00, 0.7336394607367E+00, 0.7335720040984E+00, 0.7335050927867E+00, 0.7334156958488E+00, 0.7333047272437E+00, 0.7331989940176E+00
 0.7507207037503E+00, 0.7505850682197E+00, 0.7504518702199E+00, 0.7503308699380E+00, 0.7502199255417E+00, 0.7500935839945E+00, 0.7499329418941E+00, 0.7497638874710E+00, 0.7496145999955E+00
 0.7486694314121E+00, 0.7485473955981E+00, 0.7484276793288E+00, 0.7483195753846E+00, 0.7482210063118E+00, 0.7481077113237E+00, 0.7479616777860E+00, 0.7478075881390E+00, 0.7476723135962E+00
 0.7442774672507E+00, 0.7441665349741E+00, 0.7440578001861E+00, 0.7439600903981E+00, 0.7438713891374E+00, 0.7437686195087E+00, 0.7436346537331E+00, 0.7434929776091E+00, 0.7433691644493E+00
 0.7422005016188E+00, 0.7420947395103E+00, 0.7419911131678E+00, 0.7418982182122E+00, 0.7418140667538E+00, 0.7417161705231E+00, 0.7415878418895E+00, 0.7414519720540E+00, 0.7413334896132E+00
 0.7376049798433E+00, 0.7375106194354E+00, 0.7374182561787E+00, 0.7373359659656E+00, 0.7372618217393E+00, 0.7371746516312E+00, 0.7370587528406E+00, 0.7369356873853E+00, 0.7368289429827E+00
 0.7354256022897E+00, 0.7353371125300E+00, 0.7352505671506E+00, 0.7351738322570E+00, 0.7351050029414E+00, 0.7350234367350E+00, 0.7349138271686E+00, 0.7347972021392E+00, 0.7346964706164E+00
 0.7338373583758E+00, 0.7337534998953E+00, 0.7336715623967E+00, 0.7335993023064E+00, 0.7335348257544E+00, 0.7334577665349E+00, 0.7333530250545E+00, 0.7332413505280E+00, 0.7331453500252E+00
 0.7505474164363E+00, 0.7504169102687E+00, 0.7502993150628E+00, 0.7501874544928E+00, 0.7500518317552E+00, 0.7498852308335E+00, 0.7497206675632E+00, 0.7495747820572E+00, 0.7494342795156E+00
 0.7485135250095E+00, 0.7483963793089E+00, 0.7482914907588E+00, 0.7481920411860E+00, 0.7480698912351E+00, 0.7479181686447E+00, 0.7477683559804E+00, 0.7476362955443E+00, 0.7475093802467E+00
 0.7441357501402E+00, 0.7440294645404E+00, 0.7439347778676E+00, 0.7438452296230E+00, 0.7437340262723E+00, 0.7435946373019E+00, 0.7434570237010E+00, 0.7433362343170E+00, 0.7432203521025E+00
 0.7420653912528E+00, 0.7419641537181E+00, 0.7418741845510E+00, 0.7417892021768E+00, 0.7416830810041E+00, 0.7415494606655E+00, 0.7414175462427E+00, 0.7413019913000E+00, 0.7411912254742E+00
 0.7374844392049E+00, 0.7373943300088E+00, 0.7373147451098E+00, 0.7372398051704E+00, 0.7371448762177E+00, 0.7370239789341E+00, 0.7369046288136E+00, 0.7368005938853E+00, 0.7367010857912E+00
 0.7353125647207E+00, 0.7352282203840E+00, 0.7351541010462E+00, 0.7350844905827E+00, 0.7349953532995E+00, 0.7348808634360E+00, 0.7347678577204E+00, 0.7346697469597E+00, 0.7345760620408E+00
 0.7337302410421E+00, 0.7336504781344E+00, 0.7335807874864E+00, 0.7335155384290E+00, 0.7334310071495E+00, 0.7333214480571E+00, 0.7332133437918E+00, 0.7331199184653E+00, 0.7330308705718E+00
 0.7504403428974E+00, 0.7503206702375E+00, 0.7502087211667E+00, 0.7500799874590E+00, 0.7499173031538E+00, 0.7497492806493E+00, 0.7496015810337E+00, 0.7494603841453E+00, 0.7493140883488E+00
 0.7484173635055E+00, 0.7483105185027E+00, 0.7482109698526E+00, 0.7480954025224E+00, 0.7479474234171E+00, 0.7477943120964E+00, 0.7476605478966E+00, 0.7475329443131E+00, 0.7474005244581E+00
 0.7440484663116E+00, 0.7439519463258E+00, 0.7438622879877E+00, 0.7437573652984E+00, 0.7436215497290E+00, 0.7434807976472E+00, 0.7433584172225E+00, 0.7432418510808E+00, 0.7431207503231E+00
 0.7419822354031E+00, 0.7418904954882E+00, 0.7418053969505E+00, 0.7417054072819E+00, 0.7415752764705E+00, 0.7414403033042E+00, 0.7413232147927E+00, 0.7412117660109E+00, 0.7410959244071E+00
 0.7374103840615E+00, 0.7373291705589E+00, 0.7372540995601E+00, 0.7371649700554E+00, 0.7370473757270E+00, 0.7369251451273E+00, 0.7368197075765E+00, 0.7367195162708E+00, 0.7366152537604E+00
 0.7352432184406E+00, 0.7351675286400E+00, 0.7350977795499E+00, 0.7350143086614E+00, 0.7349030468424E+00, 0.7347872316876E+00, 0.7346877720833E+00, 0.7345934014979E+00, 0.7344950955020E+00
 0.7336646316587E+00, 0.7335934004502E+00, 0.7335280078413E+00, 0.7334490729872E+00, 0.7333427022367E+00, 0.7332318248313E+00, 0.7331370783462E+00, 0.7330473423849E+00, 0.7329537465868E+00
 0.7503485536140E+00, 0.7502373544244E+00, 0.7501148296499E+00, 0.7499593802109E+00, 0.7497890962055E+00, 0.7496361456337E+00, 0.7494959993460E+00, 0.7493506363492E+00, 0.7471420608764E+00
 0.7483353155705E+00, 0.7482365111494E+00, 0.7481268485638E+00, 0.7479857851526E+00, 0.7478305289372E+00, 0.7476917553590E+00, 0.7475651789178E+00, 0.7474336101271E+00, 0.7452362295756E+00
 0.7439742747202E+00, 0.7438853588032E+00, 0.7437860386235E+00, 0.7436568247297E+00, 0.7435140457745E+00, 0.7433868962550E+00, 0.7432713369401E+00, 0.7431510048873E+00, 0.7409707896677E+00
 0.7419116838793E+00, 0.7418273285624E+00, 0.7417327906453E+00, 0.7416091065906E+00, 0.7414721660134E+00, 0.7413504277844E+00, 0.7412399770847E+00, 0.7411248618689E+00, 0.7389527711808E+00
 0.7373478500703E+00, 0.7372735268375E+00, 0.7371895107219E+00, 0.7370780185571E+00, 0.7369539546628E+00, 0.7368441338774E+00, 0.7367449232946E+00, 0.7366412897200E+00, 0.7344871329184E+00
 0.7351848805755E+00, 0.7351158822567E+00, 0.7350373869914E+00, 0.7349320892918E+00, 0.7348144947811E+00, 0.7347107579620E+00, 0.7346173619027E+00, 0.7345196428166E+00, 0.7323738854722E+00
 0.7336096703084E+00, 0.7335450294401E+00, 0.7334709970964E+00, 0.7333705177061E+00, 0.7332578882643E+00, 0.7331589188151E+00, 0.7330701534911E+00, 0.7329771212434E+00, 0.7308373436804E+00
 0.7508671446566E+00, 0.7511105881931E+00, 0.7509878750634E+00, 0.7508618402332E+00, 0.7507340927813E+00, 0.7506102717183E+00, 0.7504983746518E+00, 0.7503947099008E+00, 0.7502706094319E+00
 0.7457062041516E+00, 0.7459610359342E+00, 0.7458510474808E+00, 0.7457379470979E+00, 0.7456232524405E+00, 0.7455122680780E+00, 0.7454125094053E+00, 0.7453205056247E+00, 0.7452090856158E+00
 0.7414858992617E+00, 0.7417497466131E+00, 0.7416499300536E+00, 0.7415471878600E+00, 0.7414429570867E+00, 0.7413422432876E+00, 0.7412521297802E+00, 0.7411693435431E+00, 0.7410680271821E+00
 0.7395094062273E+00, 0.7397773982824E+00, 0.7396822819323E+00, 0.7395843302460E+00, 0.7394849414470E+00, 0.7393889759147E+00, 0.7393033069792E+00, 0.7392247577069E+00, 0.7391281027162E+00
 0.7355289464139E+00, 0.7358058983965E+00, 0.7357207476485E+00, 0.7356329335077E+00, 0.7355437826642E+00, 0.7354578858952E+00, 0.7353817260269E+00, 0.7353123046739E+00, 0.7352255559183E+00
 0.7337750766985E+00, 0.7340567244956E+00, 0.7339765625353E+00, 0.7338937943112E+00, 0.7338097253801E+00, 0.7337288659830E+00, 0.7336575820782E+00, 0.7335929286338E+00, 0.7335111800807E+00
 0.7318470123071E+00, 0.7321326420908E+00, 0.7320569441895E+00, 0.7319787062939E+00, 0.7318992061303E+00, 0.7318228520284E+00, 0.7317558632355E+00, 0.7316953619564E+00, 0.7316180845587E+00
 0.7510865281677E+00, 0.7509629696865E+00, 0.7508365810273E+00, 0.7507089217342E+00, 0.7505869503018E+00, 0.7504784589126E+00, 0.7503721129365E+00, 0.7502421236533E+00, 0.7500831159958E+00
 0.7459394807030E+00, 0.7458286960967E+00, 0.7457152701333E+00, 0.7456006595782E+00, 0.7454914215555E+00, 0.7453948879146E+00, 0.7453003054428E+00, 0.7451833294089E+00, 0.7450388348553E+00
 0.7417301920411E+00, 0.7416296224288E+00, 0.7415265806807E+00, 0.7414224299798E+00, 0.7413233705039E+00, 0.7412363226755E+00, 0.7411510421393E+00, 0.7410444649828E+00, 0.7409116813266E+00
 0.7397587677945E+00, 0.7396629191326E+00, 0.7395646807576E+00, 0.7394653700002E+00, 0.7393710142357E+00, 0.7392883341614E+00, 0.7392073298852E+00, 0.7391055569215E+00, 0.7389782077819E+00
 0.7357892287825E+00, 0.7357033847370E+00, 0.7356153091921E+00, 0.7355262333774E+00, 0.7354418647835E+00, 0.7353685533198E+00, 0.7352967467132E+00, 0.7352051448087E+00, 0.7350891253473E+00
 0.7340410389081E+00, 0.7339601963036E+00, 0.7338771756079E+00, 0.7337931819047E+00, 0.7337138275786E+00, 0.7336453518310E+00, 0.7335783334168E+00, 0.7334918114050E+00, 0.7333812167921E+00
 0.7321178358628E+00, 0.7320414728222E+00, 0.7319629914985E+00, 0.7318835658313E+00, 0.7318086857033E+00, 0.7317444499712E+00, 0.7316816171389E+00, 0.7315996687277E+00, 0.7314941138923E+00
 0.7509540506189E+00, 0.7508274249277E+00, 0.7506997455918E+00, 0.7505785487784E+00, 0.7504710994228E+00, 0.7503646190970E+00, 0.7502310429704E+00, 0.7500713356752E+00, 0.7499182362224E+00
 0.7458206976278E+00, 0.7457070490666E+00, 0.7455924150348E+00, 0.7454839091893E+00, 0.7453883599056E+00, 0.7452936627192E+00, 0.7451732646509E+00, 0.7450281095266E+00, 0.7448891579632E+00
 0.7416223609596E+00, 0.7415191091730E+00, 0.7414149314683E+00, 0.7413165664001E+00, 0.7412304517132E+00, 0.7411450753115E+00, 0.7410352174455E+00, 0.7409018078116E+00, 0.7407742364091E+00
 0.7396559984668E+00, 0.7395575560777E+00, 0.7394582165172E+00, 0.7393645368805E+00, 0.7392827651705E+00, 0.7392016745028E+00, 0.7390966880289E+00, 0.7389687296494E+00, 0.7388464313993E+00
 0.7356971858226E+00, 0.7356089176078E+00, 0.7355198097233E+00, 0.7354360837792E+00, 0.7353636352109E+00, 0.7352917608871E+00, 0.7351970671544E+00, 0.7350804696652E+00, 0.7349692040886E+00
 0.7339543573053E+00, 0.7338711476790E+00, 0.7337871212457E+00, 0.7337084000503E+00, 0.7336407741314E+00, 0.7335736942974E+00, 0.7334841157893E+00, 0.7333729528098E+00, 0.7332670286246E+00
 0.7320359564274E+00, 0.7319572907045E+00, 0.7318778316660E+00, 0.7318035718138E+00, 0.7317401684230E+00, 0.7316772800302E+00, 0.7315923269025E+00, 0.7314862158837E+00, 0.7313852236671E+00
 0.7508815112974E+00, 0.7507538130266E+00, 0.7506284911210E+00, 0.7505150588417E+00, 0.7504114077446E+00, 0.7502927143032E+00, 0.7501405455365E+00, 0.7499801531133E+00, 0.7498390258370E+00
 0.7457556048053E+00, 0.7456409544757E+00, 0.7455285440720E+00, 0.7454273617365E+00, 0.7453353706254E+00, 0.7452290856446E+00, 0.7450910738395E+00, 0.7449452334732E+00, 0.7448175851368E+00
 0.7415632321571E+00, 0.7414590414743E+00, 0.7413569671940E+00, 0.7412655325099E+00, 0.7411827583451E+00, 0.7410863400946E+00, 0.7409597275077E+00, 0.7408256262635E+00, 0.7407087638177E+00
 0.7395996281117E+00, 0.7395002773435E+00, 0.7394029828210E+00, 0.7393160430790E+00, 0.7392375056369E+00, 0.7391456351751E+00, 0.7390243073195E+00, 0.7388956528683E+00, 0.7387837760602E+00
 0.7356466526908E+00, 0.7355575353576E+00, 0.7354703665631E+00, 0.7353930302523E+00, 0.7353236196874E+00, 0.7352414474169E+00, 0.7351311732832E+00, 0.7350138705674E+00, 0.7349124974089E+00
 0.7339067291479E+00, 0.7338226914700E+00, 0.7337405758158E+00, 0.7336681433750E+00, 0.7336034995601E+00, 0.7335262659395E+00, 0.7334213337941E+00, 0.7333094647196E+00, 0.7332132792202E+00
 0.7319909362989E+00, 0.7319114655279E+00, 0.7318338779459E+00, 0.7317657735574E+00, 0.7317052811774E+00, 0.7316324340018E+00, 0.7315324306942E+00, 0.7314256163563E+00, 0.7313341594054E+00
 0.7507183685117E+00, 0.7505956748360E+00, 0.7504855473320E+00, 0.7503809991140E+00, 0.7502532497201E+00, 0.7500952647336E+00, 0.7499392506736E+00, 0.7498014260539E+00, 0.7496688599943E+00
 0.7456091364497E+00, 0.7454992170818E+00, 0.7454011248039E+00, 0.7453082753641E+00, 0.7451934116565E+00, 0.7450498852336E+00, 0.7449081815048E+00, 0.7447836231848E+00, 0.7446640539507E+00
 0.7414301298232E+00, 0.7413304254878E+00, 0.7412418860848E+00, 0.7411582859604E+00, 0.7410537078600E+00, 0.7409218445498E+00, 0.7407916652533E+00, 0.7406777001190E+00, 0.7405684872600E+00
 0.7394727103934E+00, 0.7393777274484E+00, 0.7392935878238E+00, 0.7392142396411E+00, 0.7391144109043E+00, 0.7389879591384E+00, 0.7388631227806E+00, 0.7387540491691E+00, 0.7386496140040E+00
 0.7355328129505E+00, 0.7354478496013E+00, 0.7353731364240E+00, 0.7353029433913E+00, 0.7352131840094E+00, 0.7350980194564E+00, 0.7349843441322E+00, 0.7348855992244E+00, 0.7347912883895E+00
 0.7337993827580E+00, 0.7337194428985E+00, 0.7336495817440E+00, 0.7335841649989E+00, 0.7334994548885E+00, 0.7333897023025E+00, 0.7332814056315E+00, 0.7331877971331E+00, 0.7330985683817E+00
 0.7318894268414E+00, 0.7318139734822E+00, 0.7317483763001E+00, 0.7316871240130E+00, 0.7316069482608E+00, 0.7315022184459E+00, 0.7313989031226E+00, 0.7313099596626E+00, 0.7312253151253E+00
 0.7506176733083E+00, 0.7505055323852E+00, 0.7504008896408E+00, 0.7502798675284E+00, 0.7501257076854E+00, 0.7499663189320E+00, 0.7498267386388E+00, 0.7496934808234E+00, 0.7495552749272E+00
 0.7455188817288E+00, 0.7454189131808E+00, 0.7453259576724E+00, 0.7452174783818E+00, 0.7450775837531E+00, 0.7449326862815E+00, 0.7448064975291E+00, 0.7446862433197E+00, 0.7445613566853E+00
 0.7413482279052E+00, 0.7412579373843E+00, 0.7411742191627E+00, 0.7410757261038E+00, 0.7409473261990E+00, 0.7408141130545E+00, 0.7406986324074E+00, 0.7405887368062E+00, 0.7404744927419E+00
 0.7393946700033E+00, 0.7393088405802E+00, 0.7392293680261E+00, 0.7391354806361E+00, 0.7390124115468E+00, 0.7388846184902E+00, 0.7387740858232E+00, 0.7386689680684E+00, 0.7385596402852E+00
 0.7354629614838E+00, 0.7353866729330E+00, 0.7353163419991E+00, 0.7352322603580E+00, 0.7351203302581E+00, 0.7350038395207E+00, 0.7349037412198E+00, 0.7348087450280E+00, 0.7347098014905E+00
 0.7337336289845E+00, 0.7336622261078E+00, 0.7335966659216E+00, 0.7335175554352E+00, 0.7334109930167E+00, 0.7332999215917E+00, 0.7332049908809E+00, 0.7331150739753E+00, 0.7330212942695E+00
 0.7318273376464E+00, 0.7317602394882E+00, 0.7316988401964E+00, 0.7316241574705E+00, 0.7315225574201E+00, 0.7314165225164E+00, 0.7313262938420E+00, 0.7312409637412E+00, 0.7311518688179E+00
 0.7505315988789E+00, 0.7504277031869E+00, 0.7503127289142E+00, 0.7501656354246E+00, 0.7500040466008E+00, 0.7498593425952E+00, 0.7497271231788E+00, 0.7495898058907E+00, 0.7473837949114E+00
 0.7454420651948E+00, 0.7453498521069E+00, 0.7452470797222E+00, 0.7451138945983E+00, 0.7449669292765E+00, 0.7448358886240E+00, 0.7447166477429E+00, 0.7445925587291E+00, 0.7424065618888E+00
 0.7412787804763E+00, 0.7411958058545E+00, 0.7411027174778E+00, 0.7409807160855E+00, 0.7408455541524E+00, 0.7407254610352E+00, 0.7406165608979E+00, 0.7405030299226E+00, 0.7383334310557E+00
 0.7393286211829E+00, 0.7392498940046E+00, 0.7391612651455E+00, 0.7390444454307E+00, 0.7389147615459E+00, 0.7387997317606E+00, 0.7386956018304E+00, 0.7385869453046E+00, 0.7364250199717E+00
 0.7354041696325E+00, 0.7353345892562E+00, 0.7352554950438E+00, 0.7351495408497E+00, 0.7350312662337E+00, 0.7349268817981E+00, 0.7348328607039E+00, 0.7347345077694E+00, 0.7325879085351E+00
 0.7336785375357E+00, 0.7336137292418E+00, 0.7335395244039E+00, 0.7334388566965E+00, 0.7333260320922E+00, 0.7332268759742E+00, 0.7331379300346E+00, 0.7330447146896E+00, 0.7309046802527E+00
 0.7317755157515E+00, 0.7317148651121E+00, 0.7316449829293E+00, 0.7315491663761E+00, 0.7314414178215E+00, 0.7313470468617E+00, 0.7312626783988E+00, 0.7311741204112E+00, 0.7290412270725E+00
 0.7478346734565E+00, 0.7480848660081E+00, 0.7479696757965E+00, 0.7478512848150E+00, 0.7477312493975E+00, 0.7476150162175E+00, 0.7475103056646E+00, 0.7474135530582E+00, 0.7472969545466E+00
 0.7429151221758E+00, 0.7431759651735E+00, 0.7430727447785E+00, 0.7429665345511E+00, 0.7428587993452E+00, 0.7427546480478E+00, 0.7426613133273E+00, 0.7425754538024E+00, 0.7424707591321E+00
 0.7389168899534E+00, 0.7391861298513E+00, 0.7390924264941E+00, 0.7389959148014E+00, 0.7388979814622E+00, 0.7388034436039E+00, 0.7387191119760E+00, 0.7386418382752E+00, 0.7385465847270E+00
 0.7371551260013E+00, 0.7374281778679E+00, 0.7373387586073E+00, 0.7372466095557E+00, 0.7371530841903E+00, 0.7370628749073E+00, 0.7369826118687E+00, 0.7369092293684E+00, 0.7368182288528E+00
 0.7339552538515E+00, 0.7342363772434E+00, 0.7341556665114E+00, 0.7340723436406E+00, 0.7339877161755E+00, 0.7339063022829E+00, 0.7338344794794E+00, 0.7337692974749E+00, 0.7336869991671E+00
 0.7319215015771E+00, 0.7322069719585E+00, 0.7321310947530E+00, 0.7320526741611E+00, 0.7319729892727E+00, 0.7318964536962E+00, 0.7318292943393E+00, 0.7317686299098E+00, 0.7316911747590E+00
 0.7289991458704E+00, 0.7292884780752E+00, 0.7292175357833E+00, 0.7291441734885E+00, 0.7290696122872E+00, 0.7289980569323E+00, 0.7289354347403E+00, 0.7288790020362E+00, 0.7288064479021E+00
 0.7480622871050E+00, 0.7479462799787E+00, 0.7478275513293E+00, 0.7477076018169E+00, 0.7475931588343E+00, 0.7474917498070E+00, 0.7473923759312E+00, 0.7472700803256E+00, 0.7471196329024E+00
 0.7431557412752E+00, 0.7430517529965E+00, 0.7429452342101E+00, 0.7428375805137E+00, 0.7427351153510E+00, 0.7426449013069E+00, 0.7425565186479E+00, 0.7424464612822E+00, 0.7423097453584E+00
 0.7391677771737E+00, 0.7390733476872E+00, 0.7389765531873E+00, 0.7388786973048E+00, 0.7387857559772E+00, 0.7387043904045E+00, 0.7386246732322E+00, 0.7385243442239E+00, 0.7383986261549E+00
 0.7374106677674E+00, 0.7373205402913E+00, 0.7372281198276E+00, 0.7371346703459E+00, 0.7370460195711E+00, 0.7369686571443E+00, 0.7368928640323E+00, 0.7367969106305E+00, 0.7366761063775E+00
 0.7342205833831E+00, 0.7341391907632E+00, 0.7340556144108E+00, 0.7339710621189E+00, 0.7338911554671E+00, 0.7338221445434E+00, 0.7337545960748E+00, 0.7336675165848E+00, 0.7335563325092E+00
 0.7321921304758E+00, 0.7321155873824E+00, 0.7320369228275E+00, 0.7319573125003E+00, 0.7318822524659E+00, 0.7318178488502E+00, 0.7317548516882E+00, 0.7316727203909E+00, 0.7315669607277E+00
 0.7292746046691E+00, 0.7292030264242E+00, 0.7291294352756E+00, 0.7290549448594E+00, 0.7289847982655E+00, 0.7289248138008E+00, 0.7288661224143E+00, 0.7287891021800E+00, 0.7286894287533E+00
 0.7479379049986E+00, 0.7478189476780E+00, 0.7476989762147E+00, 0.7475852834272E+00, 0.7474848832199E+00, 0.7473853861181E+00, 0.7472595992692E+00, 0.7471084747267E+00, 0.7469637261285E+00
 0.7430442448027E+00, 0.7429375116691E+00, 0.7428298322074E+00, 0.7427280745044E+00, 0.7426388113003E+00, 0.7425503262142E+00, 0.7424369395647E+00, 0.7422995857301E+00, 0.7421681966560E+00
 0.7390665294739E+00, 0.7389695327556E+00, 0.7388716475276E+00, 0.7387793768988E+00, 0.7386989123288E+00, 0.7386191116349E+00, 0.7385155889791E+00, 0.7383892666564E+00, 0.7382685514329E+00
 0.7373140325631E+00, 0.7372214150757E+00, 0.7371279347151E+00, 0.7370399390462E+00, 0.7369634564651E+00, 0.7368875882472E+00, 0.7367884980889E+00, 0.7366671039822E+00, 0.7365511644435E+00
 0.7341333121781E+00, 0.7340495465288E+00, 0.7339649615819E+00, 0.7338856889614E+00, 0.7338175290974E+00, 0.7337499184607E+00, 0.7336597794493E+00, 0.7335480260605E+00, 0.7334415205829E+00
 0.7321100579774E+00, 0.7320312088147E+00, 0.7319515651777E+00, 0.7318771260725E+00, 0.7318135556691E+00, 0.7317505025420E+00, 0.7316653643084E+00, 0.7315590478548E+00, 0.7314578566665E+00
 0.7291978557808E+00, 0.7291240886465E+00, 0.7290495632516E+00, 0.7289800100338E+00, 0.7289208215823E+00, 0.7288620838611E+00, 0.7287821686630E+00, 0.7286819628822E+00, 0.7285866277303E+00
 0.7478697662232E+00, 0.7477497771660E+00, 0.7476320863175E+00, 0.7475259043288E+00, 0.7474291647580E+00, 0.7473178159891E+00, 0.7471740016975E+00, 0.7470221928504E+00, 0.7468890312522E+00
 0.7429831191339E+00, 0.7428754254581E+00, 0.7427698910617E+00, 0.7426751996163E+00, 0.7425893523368E+00, 0.7424896373659E+00, 0.7423591998937E+00, 0.7422211569808E+00, 0.7421006821327E+00
 0.7390109882994E+00, 0.7389130923593E+00, 0.7388172348375E+00, 0.7387316474659E+00, 0.7386543855012E+00, 0.7385638828014E+00, 0.7384441415316E+00, 0.7383171217117E+00, 0.7382067424506E+00
 0.7372610034525E+00, 0.7371675135614E+00, 0.7370760112926E+00, 0.7369945360416E+00, 0.7369211649373E+00, 0.7368348184886E+00, 0.7367198629829E+00, 0.7365977672091E+00, 0.7364919178060E+00
 0.7340853646831E+00, 0.7340007687424E+00, 0.7339180971972E+00, 0.7338451229560E+00, 0.7337799507240E+00, 0.7337021729613E+00, 0.7335966590929E+00, 0.7334841999866E+00, 0.7333874478142E+00
 0.7320649326340E+00, 0.7319852772341E+00, 0.7319075071063E+00, 0.7318392302491E+00, 0.7317785747380E+00, 0.7317055537193E+00, 0.7316053508225E+00, 0.7314983313608E+00, 0.7314066856499E+00
 0.7291556426826E+00, 0.7290811091209E+00, 0.7290083695114E+00, 0.7289446962952E+00, 0.7288882727226E+00, 0.7288199740764E+00, 0.7287256269993E+00, 0.7286247234645E+00, 0.7285385050608E+00
 0.7477164754521E+00, 0.7476013337485E+00, 0.7474983334473E+00, 0.7474007194019E+00, 0.7472805902130E+00, 0.7471311339542E+00, 0.7469835642819E+00, 0.7468535834165E+00, 0.7467287056891E+00
 0.7428455405304E+00, 0.7427424178955E+00, 0.7426506891865E+00, 0.7425640048982E+00, 0.7424559856858E+00, 0.7423202065716E+00, 0.7421861597663E+00, 0.7420686489628E+00, 0.7419559722059E+00
 0.7388859296363E+00, 0.7387923663867E+00, 0.7387095507336E+00, 0.7386314825426E+00, 0.7385330814386E+00, 0.7384082539146E+00, 0.7382850213314E+00, 0.7381774171992E+00, 0.7380744178384E+00
 0.7371415752796E+00, 0.7370523176822E+00, 0.7369735322622E+00, 0.7368993679601E+00, 0.7368052954034E+00, 0.7366853620161E+00, 0.7365669647773E+00, 0.7364638095327E+00, 0.7363651629694E+00
 0.7339773046169E+00, 0.7338968115644E+00, 0.7338264138246E+00, 0.7337604678107E+00, 0.7336752031976E+00, 0.7335648623664E+00, 0.7334559808625E+00, 0.7333618108392E+00, 0.7332720252505E+00
 0.7319631872335E+00, 0.7318875533436E+00, 0.7318217872089E+00, 0.7317603712839E+00, 0.7316800146207E+00, 0.7315750807882E+00, 0.7314715640166E+00, 0.7313824352700E+00, 0.7312976092701E+00
 0.7290604404190E+00, 0.7289897462778E+00, 0.7289284518845E+00, 0.7288712935179E+00, 0.7287959675774E+00, 0.7286970849913E+00, 0.7285995284624E+00, 0.7285156961600E+00, 0.7284359834591E+00
 0.7476219517916E+00, 0.7475170165934E+00, 0.7474193015887E+00, 0.7473057015210E+00, 0.7471599585925E+00, 0.7470091185334E+00, 0.7468774536118E+00, 0.7467518885161E+00, 0.7466215567533E+00
 0.7427608430324E+00, 0.7426673198305E+00, 0.7425805216506E+00, 0.7424786906086E+00, 0.7423464328795E+00, 0.7422092970311E+00, 0.7420902308507E+00, 0.7419768707260E+00, 0.7418590640422E+00
 0.7388090503092E+00, 0.7387245631737E+00, 0.7386463686664E+00, 0.7385538662745E+00, 0.7384323974781E+00, 0.7383062310979E+00, 0.7381971847862E+00, 0.7380935027576E+00, 0.7379856521120E+00
 0.7370682162573E+00, 0.7369878122250E+00, 0.7369135157420E+00, 0.7368252193385E+00, 0.7367085758021E+00, 0.7365873105552E+00, 0.7364827618995E+00, 0.7363834320107E+00, 0.7362800537908E+00
 0.7339110997807E+00, 0.7338391568782E+00, 0.7337730681663E+00, 0.7336934103607E+00, 0.7335862637647E+00, 0.7334746037188E+00, 0.7333791082498E+00, 0.7332886351400E+00, 0.7331942904571E+00
 0.7319009504488E+00, 0.7318336810430E+00, 0.7317721184407E+00, 0.7316972597773E+00, 0.7315954584958E+00, 0.7314892194433E+00, 0.7313988033523E+00, 0.7313132919572E+00, 0.7312240104909E+00
 0.7290022533269E+00, 0.7289395388272E+00, 0.7288822308684E+00, 0.7288121787746E+00, 0.7287163023083E+00, 0.7286161411753E+00, 0.7285310964283E+00, 0.7284507103602E+00, 0.7283667403238E+00
 0.7475413563442E+00, 0.7474443850018E+00, 0.7473366363156E+00, 0.7471977534137E+00, 0.7470447891869E+00, 0.7469081573359E+00, 0.7467836155891E+00, 0.7466541205044E+00, 0.7444598650077E+00
 0.7426889332482E+00, 0.7426028780078E+00, 0.7425065559515E+00, 0.7423808038324E+00, 0.7422416779880E+00, 0.7421179167234E+00, 0.7420055580142E+00, 0.7418884937375E+00, 0.7397133438079E+00
 0.7387440239470E+00, 0.7386665754586E+00, 0.7385792880870E+00, 0.7384640244313E+00, 0.7383359844810E+00, 0.7382224752844E+00, 0.7381197788931E+00, 0.7380125869242E+00, 0.7358529572669E+00
 0.7370062981957E+00, 0.7369327498153E+00, 0.7368495429739E+00, 0.7367389774265E+00, 0.7366158882652E+00, 0.7365069750131E+00, 0.7364086246347E+00, 0.7363058683972E+00, 0.7341530433727E+00
 0.7338555996389E+00, 0.7337902623567E+00, 0.7337155181208E+00, 0.7336142736706E+00, 0.7335008574480E+00, 0.7334011309634E+00, 0.7333116289526E+00, 0.7332178515418E+00, 0.7310771422828E+00
 0.7318489982078E+00, 0.7317881840253E+00, 0.7317181311535E+00, 0.7316221185193E+00, 0.7315141637175E+00, 0.7314196013192E+00, 0.7313350517076E+00, 0.7312463088566E+00, 0.7291131316368E+00
 0.7289537894101E+00, 0.7288972205017E+00, 0.7288317590496E+00, 0.7287414374028E+00, 0.7286396438020E+00, 0.7285506303833E+00, 0.7284711849760E+00, 0.7283877041479E+00, 0.7262654370999E+00
 0.7449359393107E+00, 0.7451924434433E+00, 0.7450843335740E+00, 0.7449731449269E+00, 0.7448603808007E+00, 0.7447512927083E+00, 0.7446533194389E+00, 0.7445630252632E+00, 0.7444534732476E+00
 0.7402440261637E+00, 0.7405104769451E+00, 0.7404136131620E+00, 0.7403138804575E+00, 0.7402126914703E+00, 0.7401149605306E+00, 0.7400276390257E+00, 0.7399475143069E+00, 0.7398491264167E+00
 0.7366598831534E+00, 0.7369340744194E+00, 0.7368459161510E+00, 0.7367550494210E+00, 0.7366628189285E+00, 0.7365738838205E+00, 0.7364948260594E+00, 0.7364226019717E+00, 0.7363328550893E+00
 0.7352662047225E+00, 0.7355438351606E+00, 0.7354594123943E+00, 0.7353723356141E+00, 0.7352839279020E+00, 0.7351987663197E+00, 0.7351233137948E+00, 0.7350545810325E+00, 0.7349685603137E+00
 0.7322244730903E+00, 0.7325094534259E+00, 0.7324329910338E+00, 0.7323539742056E+00, 0.7322736870964E+00, 0.7321965613758E+00, 0.7321288498446E+00, 0.7320676593116E+00, 0.7319896189116E+00
 0.7291357683271E+00, 0.7294249508508E+00, 0.7293538043757E+00, 0.7292802320195E+00, 0.7292054577309E+00, 0.7291336964450E+00, 0.7290708900548E+00, 0.7290142881796E+00, 0.7289415316159E+00
 0.7257057460423E+00, 0.7259985734554E+00, 0.7259324582682E+00, 0.7258640666424E+00, 0.7257945500501E+00, 0.7257278644978E+00, 0.7256695810540E+00, 0.7256171198258E+00, 0.7255493464997E+00
 0.7451712578119E+00, 0.7450623594858E+00, 0.7449508498449E+00, 0.7448381691293E+00, 0.7447308110488E+00, 0.7446360344441E+00, 0.7445431768895E+00, 0.7444281213381E+00, 0.7442857813805E+00
 0.7404915029058E+00, 0.7403938991035E+00, 0.7402938749094E+00, 0.7401927647163E+00, 0.7400966600957E+00, 0.7400123559631E+00, 0.7399297617139E+00, 0.7398262027923E+00, 0.7396968337587E+00
 0.7369168124712E+00, 0.7368279507987E+00, 0.7367368158371E+00, 0.7366446608756E+00, 0.7365572742614E+00, 0.7364810999057E+00, 0.7364064735696E+00, 0.7363118064058E+00, 0.7361924303813E+00
 0.7355273090513E+00, 0.7354421950771E+00, 0.7353548583347E+00, 0.7352665256215E+00, 0.7351828882028E+00, 0.7351102771344E+00, 0.7350391625734E+00, 0.7349483022303E+00, 0.7348330829997E+00
 0.7324944968534E+00, 0.7324173658835E+00, 0.7323381037526E+00, 0.7322578914473E+00, 0.7321822469979E+00, 0.7321173014267E+00, 0.7320537714295E+00, 0.7319710365639E+00, 0.7318645875913E+00
 0.7294110374515E+00, 0.7293392535706E+00, 0.7292654516794E+00, 0.7291907483796E+00, 0.7291203991595E+00, 0.7290602363438E+00, 0.7290013719845E+00, 0.7289241390410E+00, 0.7288242046190E+00
 0.7259856451685E+00, 0.7259189293549E+00, 0.7258503256629E+00, 0.7257808747942E+00, 0.7257155174545E+00, 0.7256597290170E+00, 0.7256051011195E+00, 0.7255331125928E+00, 0.7254396468388E+00
 0.7450544970590E+00, 0.7449427670689E+00, 0.7448300622734E+00, 0.7447234296577E+00, 0.7446296283178E+00, 0.7445366593288E+00, 0.7444182070901E+00, 0.7442752127210E+00, 0.7441383573026E+00
 0.7403868517320E+00, 0.7402866212867E+00, 0.7401854829619E+00, 0.7400900612521E+00, 0.7400066746850E+00, 0.7399239905121E+00, 0.7398171931749E+00, 0.7396872086829E+00, 0.7395629505163E+00
 0.7368215343810E+00, 0.7367302037972E+00, 0.7366380175500E+00, 0.7365512819283E+00, 0.7364759818375E+00, 0.7364012827572E+00, 0.7363034936375E+00, 0.7361835316059E+00, 0.7360689836836E+00
 0.7354360487367E+00, 0.7353485199393E+00, 0.7352601550152E+00, 0.7351771586002E+00, 0.7351054081770E+00, 0.7350342269295E+00, 0.7349402808072E+00, 0.7348244851738E+00, 0.7347140052769E+00
 0.7324117941065E+00, 0.7323323465831E+00, 0.7322521010732E+00, 0.7321770799185E+00, 0.7321129707721E+00, 0.7320493839991E+00, 0.7319636322643E+00, 0.7318566243539E+00, 0.7317547632816E+00
 0.7293340680550E+00, 0.7292600897577E+00, 0.7291853515612E+00, 0.7291155970726E+00, 0.7290562321131E+00, 0.7289973209975E+00, 0.7289171874553E+00, 0.7288167194893E+00, 0.7287211346056E+00
 0.7259141105409E+00, 0.7258453410066E+00, 0.7257758532434E+00, 0.7257110560239E+00, 0.7256560188020E+00, 0.7256013549436E+00, 0.7255266083426E+00, 0.7254326392919E+00, 0.7253432361366E+00
 0.7449905049335E+00, 0.7448777843681E+00, 0.7447672819210E+00, 0.7446679030408E+00, 0.7445776214107E+00, 0.7444731621045E+00, 0.7443372492822E+00, 0.7441935688378E+00, 0.7440679110643E+00
 0.7403294558327E+00, 0.7402283056476E+00, 0.7401292340376E+00, 0.7400406229830E+00, 0.7399605101837E+00, 0.7398669489620E+00, 0.7397436568091E+00, 0.7396129779555E+00, 0.7394992480090E+00
 0.7367692436427E+00, 0.7366770480461E+00, 0.7365868269012E+00, 0.7365065686419E+00, 0.7364343558104E+00, 0.7363492375342E+00, 0.7362356764167E+00, 0.7361150114510E+00, 0.7360104886557E+00
 0.7353859401274E+00, 0.7352975655962E+00, 0.7352111347414E+00, 0.7351345105603E+00, 0.7350657884412E+00, 0.7349843337163E+00, 0.7348748457674E+00, 0.7347583446108E+00, 0.7346577307158E+00
 0.7323663255408E+00, 0.7322860681317E+00, 0.7322077035140E+00, 0.7321388688781E+00, 0.7320776873077E+00, 0.7320040967715E+00, 0.7319032248585E+00, 0.7317955130769E+00, 0.7317032345280E+00
 0.7292917340212E+00, 0.7292169874390E+00, 0.7291440393793E+00, 0.7290801787838E+00, 0.7290235860180E+00, 0.7289550938190E+00, 0.7288604971348E+00, 0.7287593310561E+00, 0.7286728840297E+00
 0.7258747592321E+00, 0.7258052686327E+00, 0.7257374601987E+00, 0.7256782037839E+00, 0.7256257523686E+00, 0.7255620183895E+00, 0.7254736016366E+00, 0.7253789428203E+00, 0.7252981411224E+00
 0.7448465026096E+00, 0.7447384696554E+00, 0.7446421464067E+00, 0.7445510123099E+00, 0.7444380489518E+00, 0.7442966686029E+00, 0.7441570866488E+00, 0.7440344848244E+00, 0.7439168299232E+00
 0.7402002387527E+00, 0.7401035003815E+00, 0.7400177248289E+00, 0.7399367956521E+00, 0.7398352013293E+00, 0.7397067381944E+00, 0.7395799160036E+00, 0.7394690242508E+00, 0.7393628131574E+00
 0.7366514695670E+00, 0.7365634801081E+00, 0.7364858898013E+00, 0.7364128872108E+00, 0.7363200883663E+00, 0.7362015779928E+00, 0.7360845881406E+00, 0.7359827378830E+00, 0.7358853714130E+00
 0.7352730498505E+00, 0.7351888192765E+00, 0.7351148093232E+00, 0.7350453062820E+00, 0.7349562832658E+00, 0.7348419167693E+00, 0.7347290335313E+00, 0.7346310390880E+00, 0.7345374690755E+00
 0.7322638108729E+00, 0.7321875903125E+00, 0.7321212776223E+00, 0.7320593332439E+00, 0.7319783800150E+00, 0.7318727599602E+00, 0.7317685643024E+00, 0.7316788138564E+00, 0.7315933818403E+00
 0.7291962596756E+00, 0.7291253616107E+00, 0.7290638862240E+00, 0.7290065573852E+00, 0.7289310226624E+00, 0.7288318808064E+00, 0.7287340694140E+00, 0.7286500148306E+00, 0.7285700890654E+00
 0.7257859979394E+00, 0.7257201247326E+00, 0.7256630907011E+00, 0.7256099353781E+00, 0.7255395452355E+00, 0.7254468283281E+00, 0.7253553290854E+00, 0.7252767581943E+00, 0.7252020823484E+00
 0.7447577901141E+00, 0.7446596126831E+00, 0.7445683704531E+00, 0.7444617380679E+00, 0.7443239594306E+00, 0.7441812121861E+00, 0.7440570001756E+00, 0.7439386608640E+00, 0.7438157394580E+00
 0.7401207626458E+00, 0.7400332744850E+00, 0.7399522232973E+00, 0.7398566236415E+00, 0.7397315731376E+00, 0.7396017656046E+00, 0.7394893937863E+00, 0.7393825001008E+00, 0.7392713448795E+00
 0.7365791468365E+00, 0.7364999520892E+00, 0.7364268155598E+00, 0.7363397605876E+00, 0.7362245219206E+00, 0.7361046813869E+00, 0.7360014508239E+00, 0.7359034005160E+00, 0.7358013344976E+00
 0.7352037963978E+00, 0.7351282168440E+00, 0.7350585750406E+00, 0.7349752164564E+00, 0.7348640768969E+00, 0.7347483852521E+00, 0.7346490427655E+00, 0.7345547870210E+00, 0.7344565979765E+00
 0.7322010941230E+00, 0.7321332711171E+00, 0.7320711803119E+00, 0.7319957447956E+00, 0.7318932684532E+00, 0.7317863403247E+00, 0.7316952962182E+00, 0.7316091776852E+00, 0.7315192727312E+00
 0.7291379051505E+00, 0.7290750056513E+00, 0.7290175272781E+00, 0.7289472775269E+00, 0.7288511480635E+00, 0.7287507262379E+00, 0.7286654556231E+00, 0.7285848557587E+00, 0.7285006630611E+00
 0.7257317702478E+00, 0.7256734143054E+00, 0.7256201077226E+00, 0.7255547206420E+00, 0.7254648571428E+00, 0.7253708953873E+00, 0.7252912001064E+00, 0.7252158683634E+00, 0.7251371694303E+00
 0.7446823367971E+00, 0.7445918369456E+00, 0.7444908577270E+00, 0.7443597330395E+00, 0.7442149390212E+00, 0.7440859177450E+00, 0.7439685883800E+00, 0.7438464497352E+00, 0.7416634457113E+00
 0.7400534501653E+00, 0.7399731436363E+00, 0.7398828568033E+00, 0.7397641110143E+00, 0.7396323911102E+00, 0.7395154793601E+00, 0.7394095762926E+00, 0.7392991079207E+00, 0.7371343324729E+00
 0.7365181483020E+00, 0.7364457606727E+00, 0.7363637618846E+00, 0.7362545677294E+00, 0.7361329164671E+00, 0.7360253471553E+00, 0.7359282749163E+00, 0.7358268207729E+00, 0.7336759022884E+00
 0.7351455420921E+00, 0.7350766511140E+00, 0.7349982660912E+00, 0.7348930886167E+00, 0.7347756184069E+00, 0.7346720002402E+00, 0.7345787189346E+00, 0.7344811161375E+00, 0.7323355098342E+00
 0.7321487199344E+00, 0.7320873786349E+00, 0.7320167676973E+00, 0.7319201006041E+00, 0.7318114496288E+00, 0.7317162437974E+00, 0.7316310891162E+00, 0.7315417270130E+00, 0.7294074300811E+00
 0.7290892990536E+00, 0.7290325603163E+00, 0.7289669117342E+00, 0.7288763487004E+00, 0.7287742903371E+00, 0.7286850422405E+00, 0.7286053841649E+00, 0.7285216829472E+00, 0.7263989066439E+00
 0.7256866584463E+00, 0.7256340773637E+00, 0.7255730239496E+00, 0.7254884326281E+00, 0.7253929380277E+00, 0.7253094888761E+00, 0.7252350706694E+00, 0.7251568050899E+00, 0.7230468105905E+00
 0.7421717436303E+00, 0.7424341475602E+00, 0.7423326956342E+00, 0.7422282870124E+00, 0.7421223721648E+00, 0.7420200066010E+00, 0.7419283458660E+00, 0.7418440838895E+00, 0.7417411449719E+00
 0.7378011613537E+00, 0.7380728021638E+00, 0.7379818021721E+00, 0.7378880441604E+00, 0.7377928934835E+00, 0.7377010871289E+00, 0.7376193198171E+00, 0.7375444963188E+00, 0.7374519252721E+00
 0.7348920051111E+00, 0.7351706544777E+00, 0.7350873128124E+00, 0.7350013299788E+00, 0.7349140243029E+00, 0.7348299546168E+00, 0.7347555573424E+00, 0.7346878552741E+00, 0.7346029166839E+00
 0.7337370970128E+00, 0.7340188410639E+00, 0.7339387821925E+00, 0.7338561182267E+00, 0.7337721542765E+00, 0.7336913989399E+00, 0.7336202157789E+00, 0.7335556608542E+00, 0.7334740157902E+00
 0.7295535663111E+00, 0.7298422696799E+00, 0.7297704796474E+00, 0.7296962455308E+00, 0.7296208000199E+00, 0.7295483893919E+00, 0.7294850004422E+00, 0.7294278621561E+00, 0.7293544679352E+00
 0.7258343255660E+00, 0.7261270143748E+00, 0.7260607090349E+00, 0.7259921216945E+00, 0.7259224065086E+00, 0.7258555290834E+00, 0.7257970742489E+00, 0.7257444557904E+00, 0.7256764940537E+00
 0.7228945838312E+00, 0.7231905057081E+00, 0.7231285705670E+00, 0.7230644683675E+00, 0.7229992973048E+00, 0.7229368253353E+00, 0.7228823549647E+00, 0.7228334299015E+00, 0.7227698244078E+00
 0.7424142714321E+00, 0.7423120592963E+00, 0.7422073467351E+00, 0.7421015126527E+00, 0.7420008167722E+00, 0.7419122482375E+00, 0.7418254782062E+00, 0.7417172292872E+00, 0.7415825560586E+00
 0.7380549811099E+00, 0.7379632664682E+00, 0.7378692329388E+00, 0.7377741586785E+00, 0.7376839243987E+00, 0.7376050810743E+00, 0.7375278351770E+00, 0.7374302673865E+00, 0.7373076561553E+00
 0.7351543415711E+00, 0.7350703115227E+00, 0.7349840707625E+00, 0.7348968401075E+00, 0.7348142893576E+00, 0.7347427245132E+00, 0.7346726449108E+00, 0.7345828846240E+00, 0.7344688422418E+00
 0.7340031758128E+00, 0.7339224365623E+00, 0.7338395202933E+00, 0.7337556315818E+00, 0.7336763808341E+00, 0.7336080049851E+00, 0.7335410855637E+00, 0.7334546686928E+00, 0.7333441865295E+00
 0.7298282302019E+00, 0.7297557983101E+00, 0.7296813324903E+00, 0.7296059585923E+00, 0.7295349701324E+00, 0.7294742426376E+00, 0.7294148304873E+00, 0.7293369283335E+00, 0.7292361773915E+00
 0.7261140488473E+00, 0.7260471415196E+00, 0.7259783414541E+00, 0.7259086921835E+00, 0.7258431460736E+00, 0.7257871917479E+00, 0.7257324030843E+00, 0.7256602164666E+00, 0.7255665072986E+00
 0.7231783971306E+00, 0.7231158886552E+00, 0.7230515866207E+00, 0.7229864777476E+00, 0.7229252728576E+00, 0.7228731879533E+00, 0.7228221714370E+00, 0.7227545422696E+00, 0.7226663474736E+00
 0.7423046792703E+00, 0.7421997545983E+00, 0.7420938941171E+00, 0.7419938989456E+00, 0.7419062720913E+00, 0.7418194029900E+00, 0.7417078500323E+00, 0.7415725450627E+00, 0.7414431395588E+00
 0.7379566442153E+00, 0.7378624117966E+00, 0.7377673071931E+00, 0.7376777335844E+00, 0.7375997776551E+00, 0.7375224536348E+00, 0.7374217287385E+00, 0.7372985224911E+00, 0.7371808252005E+00
 0.7350642432061E+00, 0.7349778112251E+00, 0.7348905481823E+00, 0.7348086362900E+00, 0.7347379291382E+00, 0.7346677843308E+00, 0.7345749459969E+00, 0.7344603293827E+00, 0.7343510071960E+00
 0.7339166049967E+00, 0.7338334998808E+00, 0.7337495784263E+00, 0.7336709606112E+00, 0.7336034343193E+00, 0.7335364535965E+00, 0.7334469810008E+00, 0.7333359306723E+00, 0.7332301172477E+00
 0.7297505659236E+00, 0.7296759224180E+00, 0.7296005138717E+00, 0.7295301243147E+00, 0.7294702002959E+00, 0.7294107400332E+00, 0.7293299202267E+00, 0.7292286320789E+00, 0.7291322653902E+00
 0.7260423088491E+00, 0.7259733425498E+00, 0.7259036564556E+00, 0.7258386717516E+00, 0.7257834703627E+00, 0.7257286453371E+00, 0.7256536953770E+00, 0.7255594817904E+00, 0.7254698458528E+00
 0.7231113737117E+00, 0.7230469136944E+00, 0.7229817669341E+00, 0.7229210968631E+00, 0.7228697290364E+00, 0.7228186834325E+00, 0.7227484043320E+00, 0.7226597285023E+00, 0.7225753913136E+00
 0.7422445909369E+00, 0.7421387168844E+00, 0.7420349799455E+00, 0.7419419807823E+00, 0.7418577309598E+00, 0.7417597294321E+00, 0.7416312790230E+00, 0.7414952838120E+00, 0.7413766863638E+00
 0.7379026886585E+00, 0.7378075741649E+00, 0.7377144653075E+00, 0.7376314702471E+00, 0.7375566582928E+00, 0.7374687759397E+00, 0.7373520592941E+00, 0.7372281527828E+00, 0.7371206334354E+00
 0.7350147644186E+00, 0.7349274914249E+00, 0.7348421559863E+00, 0.7347665935046E+00, 0.7346989018393E+00, 0.7346185155908E+00, 0.7345101860368E+00, 0.7343948633983E+00, 0.7342953725370E+00
 0.7338690368584E+00, 0.7337851041193E+00, 0.7337030928586E+00, 0.7336307617151E+00, 0.7335662163974E+00, 0.7334890849502E+00, 0.7333842634990E+00, 0.7332725071048E+00, 0.7331764291655E+00
 0.7297078508867E+00, 0.7296324333096E+00, 0.7295588282426E+00, 0.7294943751871E+00, 0.7294372459344E+00, 0.7293681431197E+00, 0.7292727646763E+00, 0.7291707775400E+00, 0.7290836134123E+00
 0.7260028448580E+00, 0.7259331557309E+00, 0.7258651530627E+00, 0.7258057222375E+00, 0.7257531135670E+00, 0.7256891995069E+00, 0.7256005500291E+00, 0.7255056463764E+00, 0.7254246317646E+00
 0.7230744915736E+00, 0.7230093451638E+00, 0.7229457977436E+00, 0.7228904112266E+00, 0.7228414962429E+00, 0.7227817618355E+00, 0.7226984010806E+00, 0.7226090464604E+00, 0.7225329183076E+00
 0.7421093375200E+00, 0.7420079906907E+00, 0.7419179194811E+00, 0.7418328384044E+00, 0.7417266074233E+00, 0.7415928624788E+00, 0.7414608250167E+00, 0.7413451571973E+00, 0.7412342810224E+00
 0.7377811843614E+00, 0.7376903378705E+00, 0.7376100618732E+00, 0.7375344520157E+00, 0.7374387819093E+00, 0.7373170485924E+00, 0.7371968722884E+00, 0.7370920760066E+00, 0.7369918226228E+00
 0.7349032822219E+00, 0.7348201404087E+00, 0.7347471802722E+00, 0.7346787097325E+00, 0.7345907798763E+00, 0.7344775873585E+00, 0.7343658702326E+00, 0.7342689870874E+00, 0.7341765162096E+00
 0.7337618246118E+00, 0.7336819885222E+00, 0.7336122276174E+00, 0.7335469095816E+00, 0.7334623039744E+00, 0.7333526635695E+00, 0.7332444784313E+00, 0.7331509764642E+00, 0.7330618530899E+00
 0.7296115194784E+00, 0.7295399781941E+00, 0.7294779301085E+00, 0.7294200609332E+00, 0.7293438690618E+00, 0.7292439159541E+00, 0.7291453070258E+00, 0.7290605549533E+00, 0.7289799597030E+00
 0.7259138299946E+00, 0.7258477667960E+00, 0.7257905644024E+00, 0.7257372506318E+00, 0.7256666660982E+00, 0.7255737073947E+00, 0.7254819705402E+00, 0.7254031927353E+00, 0.7253283186030E+00
 0.7229912795905E+00, 0.7229295828330E+00, 0.7228763026712E+00, 0.7228267089658E+00, 0.7227606050525E+00, 0.7226731265920E+00, 0.7225867887575E+00, 0.7225127760793E+00, 0.7224424856235E+00
 0.7420260922950E+00, 0.7419342489377E+00, 0.7418490518579E+00, 0.7417489555862E+00, 0.7416187019638E+00, 0.7414836040310E+00, 0.7413664013582E+00, 0.7412548422539E+00, 0.7411388871661E+00
 0.7377065264631E+00, 0.7376246129836E+00, 0.7375488730689E+00, 0.7374590229668E+00, 0.7373406041560E+00, 0.7372175363474E+00, 0.7371113292470E+00, 0.7370103927936E+00, 0.7369053648724E+00
 0.7348349169643E+00, 0.7347603949718E+00, 0.7346917843479E+00, 0.7346095015637E+00, 0.7344995261576E+00, 0.7343850097585E+00, 0.7342867857738E+00, 0.7341936283647E+00, 0.7340965568342E+00
 0.7336961554882E+00, 0.7336248535324E+00, 0.7335593919568E+00, 0.7334803843147E+00, 0.7333739331306E+00, 0.7332629740911E+00, 0.7331681505283E+00, 0.7330783389757E+00, 0.7329846663298E+00
 0.7295526369827E+00, 0.7294891523567E+00, 0.7294311339392E+00, 0.7293602609375E+00, 0.7292633393359E+00, 0.7291621021666E+00, 0.7290761228972E+00, 0.7289948515012E+00, 0.7289099597676E+00
 0.7258594462973E+00, 0.7258009181949E+00, 0.7257474532393E+00, 0.7256818822005E+00, 0.7255917827924E+00, 0.7254975779496E+00, 0.7254176723458E+00, 0.7253421416615E+00, 0.7252632353910E+00
 0.7229404782155E+00, 0.7228859483823E+00, 0.7228362034454E+00, 0.7227748923029E+00, 0.7226901483112E+00, 0.7226014568355E+00, 0.7225263839891E+00, 0.7224554538185E+00, 0.7223813190770E+00
 0.7419554619985E+00, 0.7418710080611E+00, 0.7417763668390E+00, 0.7416525632994E+00, 0.7415154966381E+00, 0.7413936416671E+00, 0.7412830807926E+00, 0.7411678530690E+00, 0.7389955892133E+00
 0.7376434597328E+00, 0.7375684672200E+00, 0.7374837515702E+00, 0.7373714562495E+00, 0.7372465468145E+00, 0.7371359400062E+00, 0.7370359852953E+00, 0.7369315925038E+00, 0.7347762796589E+00
 0.7347774638402E+00, 0.7347096045881E+00, 0.7346322769781E+00, 0.7345282456378E+00, 0.7344119576703E+00, 0.7343094716153E+00, 0.7342172879247E+00, 0.7341207965650E+00, 0.7319766010367E+00
 0.7336411404796E+00, 0.7335764307818E+00, 0.7335023270926E+00, 0.7334017688867E+00, 0.7332890572939E+00, 0.7331900096059E+00, 0.7331011688936E+00, 0.7330080601014E+00, 0.7308681662996E+00
 0.7295035814757E+00, 0.7294463042553E+00, 0.7293800647433E+00, 0.7292887449410E+00, 0.7291858586921E+00, 0.7290958750370E+00, 0.7290155487290E+00, 0.7289311556550E+00, 0.7268068186908E+00
 0.7258142021548E+00, 0.7257614632093E+00, 0.7257002357574E+00, 0.7256154194138E+00, 0.7255196778814E+00, 0.7254360101356E+00, 0.7253613940251E+00, 0.7252829232765E+00, 0.7231724506013E+00
 0.7228983009939E+00, 0.7228492671576E+00, 0.7227920933428E+00, 0.7227124015708E+00, 0.7226222518787E+00, 0.7225435903091E+00, 0.7224735495663E+00, 0.7223998084687E+00, 0.7203001266335E+00
 0.7395518891328E+00, 0.7398197917718E+00, 0.7397245741301E+00, 0.7396265192100E+00, 0.7395270260638E+00, 0.7394309581916E+00, 0.7393451934332E+00, 0.7392665527850E+00, 0.7391697973463E+00
 0.7357590574520E+00, 0.7360354213274E+00, 0.7359496371842E+00, 0.7358611810247E+00, 0.7357713828849E+00, 0.7356848463228E+00, 0.7356080726910E+00, 0.7355380551448E+00, 0.7354506738142E+00
 0.7333552388540E+00, 0.7336379132909E+00, 0.7335588588210E+00, 0.7334772111956E+00, 0.7333942709104E+00, 0.7333145293686E+00, 0.7332443253147E+00, 0.7331807261652E+00, 0.7331000891738E+00
 0.7318860439723E+00, 0.7321716103446E+00, 0.7320958366011E+00, 0.7320175213505E+00, 0.7319379430056E+00, 0.7318615123647E+00, 0.7317944522265E+00, 0.7317338831651E+00, 0.7316565301037E+00
 0.7262606695701E+00, 0.7265529167710E+00, 0.7264859970823E+00, 0.7264167771893E+00, 0.7263464201241E+00, 0.7262789230753E+00, 0.7262199160746E+00, 0.7261667921143E+00, 0.7260982211994E+00
 0.7229966269876E+00, 0.7232924291733E+00, 0.7232303369159E+00, 0.7231660739891E+00, 0.7231007403426E+00, 0.7230381100594E+00, 0.7229834943722E+00, 0.7229344329705E+00, 0.7228706700632E+00
 0.7206541500205E+00, 0.7209527982500E+00, 0.7208943818276E+00, 0.7208338718427E+00, 0.7207723310202E+00, 0.7207134039287E+00, 0.7206622174976E+00, 0.7206163963522E+00, 0.7205563275351E+00
 0.7398011413712E+00, 0.7397051909709E+00, 0.7396068490813E+00, 0.7395074340249E+00, 0.7394129768759E+00, 0.7393302026184E+00, 0.7392491061325E+00, 0.7391472296526E+00, 0.7390197635165E+00
 0.7360186268919E+00, 0.7359321475306E+00, 0.7358434286380E+00, 0.7357537055842E+00, 0.7356687009417E+00, 0.7355947821830E+00, 0.7355223762669E+00, 0.7354301292326E+00, 0.7353134103853E+00
 0.7336224461305E+00, 0.7335427139978E+00, 0.7334608158253E+00, 0.7333779507861E+00, 0.7332997087906E+00, 0.7332323031223E+00, 0.7331663446165E+00, 0.7330809530426E+00, 0.7329715729526E+00
 0.7321567892087E+00, 0.7320803499614E+00, 0.7320017910909E+00, 0.7319222872774E+00, 0.7318473313877E+00, 0.7317830256897E+00, 0.7317201242159E+00, 0.7316380976521E+00, 0.7315324531844E+00
 0.7265398309483E+00, 0.7264723047693E+00, 0.7264028700596E+00, 0.7263325795490E+00, 0.7262664240731E+00, 0.7262099357949E+00, 0.7261546296832E+00, 0.7260818019465E+00, 0.7259873012951E+00
 0.7232802897439E+00, 0.7232176232406E+00, 0.7231531600894E+00, 0.7230878887342E+00, 0.7230265275226E+00, 0.7229743009037E+00, 0.7229231454630E+00, 0.7228553525880E+00, 0.7227669638281E+00
 0.7209413812564E+00, 0.7208824100835E+00, 0.7208217081278E+00, 0.7207602276249E+00, 0.7207025274938E+00, 0.7206536534170E+00, 0.7206057953092E+00, 0.7205418302982E+00, 0.7204579185029E+00
 0.7396982629629E+00, 0.7395997169276E+00, 0.7395002731084E+00, 0.7394064924757E+00, 0.7393246271143E+00, 0.7392434440322E+00, 0.7391383526140E+00, 0.7390102768703E+00, 0.7388878650830E+00
 0.7359259028502E+00, 0.7358369907258E+00, 0.7357472357363E+00, 0.7356628752858E+00, 0.7355898215300E+00, 0.7355173469175E+00, 0.7354220024912E+00, 0.7353047041230E+00, 0.7351927528526E+00
 0.7335369548958E+00, 0.7334548686738E+00, 0.7333719707953E+00, 0.7332943596471E+00, 0.7332278006815E+00, 0.7331617820340E+00, 0.7330733429796E+00, 0.7329633968046E+00, 0.7328586677769E+00
 0.7320748280678E+00, 0.7319960846950E+00, 0.7319165475266E+00, 0.7318422122385E+00, 0.7317787393122E+00, 0.7317157821569E+00, 0.7316307495708E+00, 0.7315245486260E+00, 0.7314234694597E+00
 0.7264674273298E+00, 0.7263978250955E+00, 0.7263274979889E+00, 0.7262619081516E+00, 0.7262061785186E+00, 0.7261508347783E+00, 0.7260752260964E+00, 0.7259802173255E+00, 0.7258898248088E+00
 0.7232130969014E+00, 0.7231484755037E+00, 0.7230831662807E+00, 0.7230223407125E+00, 0.7229708322917E+00, 0.7229196475561E+00, 0.7228492011176E+00, 0.7227603305862E+00, 0.7226758060024E+00
 0.7208781500329E+00, 0.7208172954654E+00, 0.7207557769227E+00, 0.7206985949237E+00, 0.7206504153810E+00, 0.7206025319033E+00, 0.7205359920585E+00, 0.7204516141613E+00, 0.7203714295171E+00
 0.7396418331620E+00, 0.7395423780904E+00, 0.7394449805588E+00, 0.7393579439093E+00, 0.7392793150929E+00, 0.7391873466124E+00, 0.7390659049604E+00, 0.7389371332509E+00, 0.7388251490640E+00
 0.7358750000745E+00, 0.7357852357371E+00, 0.7356974245811E+00, 0.7356194700136E+00, 0.7355494633723E+00, 0.7354666682152E+00, 0.7353557076855E+00, 0.7352377044718E+00, 0.7351356702446E+00
 0.7334899718396E+00, 0.7334070623278E+00, 0.7333260684489E+00, 0.7332547220894E+00, 0.7331911323201E+00, 0.7331149951064E+00, 0.7330112573567E+00, 0.7329006054846E+00, 0.7328055784638E+00
 0.7320297634067E+00, 0.7319502144820E+00, 0.7318725497803E+00, 0.7318043732599E+00, 0.7317438131009E+00, 0.7316708923629E+00, 0.7315708021420E+00, 0.7314638978064E+00, 0.7313723589372E+00
 0.7264275991715E+00, 0.7263572683710E+00, 0.7262886382245E+00, 0.7262286454173E+00, 0.7261755311628E+00, 0.7261110355962E+00, 0.7260216300886E+00, 0.7259259300318E+00, 0.7258442244535E+00
 0.7231761222531E+00, 0.7231108133078E+00, 0.7230471060065E+00, 0.7229915723774E+00, 0.7229425210565E+00, 0.7228826348358E+00, 0.7227990872555E+00, 0.7227095374425E+00, 0.7226332347325E+00
 0.7208433353920E+00, 0.7207818180959E+00, 0.7207218474259E+00, 0.7206697800692E+00, 0.7206239688020E+00, 0.7205676562716E+00, 0.7204884325115E+00, 0.7204033879043E+00, 0.7203311528740E+00
 0.7395147821656E+00, 0.7394196974552E+00, 0.7393354629667E+00, 0.7392560230872E+00, 0.7391560920131E+00, 0.7390295237371E+00, 0.7389045723501E+00, 0.7387953933856E+00, 0.7386908552927E+00
 0.7357603333449E+00, 0.7356747324571E+00, 0.7355994093723E+00, 0.7355286188709E+00, 0.7354382191857E+00, 0.7353223572609E+00, 0.7352079902802E+00, 0.7351085925517E+00, 0.7350136379209E+00
 0.7333840675545E+00, 0.7333052422213E+00, 0.7332364552763E+00, 0.7331720950031E+00, 0.7330885080902E+00, 0.7329799669180E+00, 0.7328728742942E+00, 0.7327804125231E+00, 0.7326923168965E+00
 0.7319281540895E+00, 0.7318526246628E+00, 0.7317869569028E+00, 0.7317256365250E+00, 0.7316453835764E+00, 0.7315405645421E+00, 0.7314371610486E+00, 0.7313481372084E+00, 0.7312634143897E+00
 0.7263377647467E+00, 0.7262710881511E+00, 0.7262133435447E+00, 0.7261595201963E+00, 0.7260883067528E+00, 0.7259945619272E+00, 0.7259020525417E+00, 0.7258226034050E+00, 0.7257470866762E+00
 0.7230927026151E+00, 0.7230308487562E+00, 0.7229774252005E+00, 0.7229276942911E+00, 0.7228614290718E+00, 0.7227737577245E+00, 0.7226872293696E+00, 0.7226130458350E+00, 0.7225425902045E+00
 0.7207647603802E+00, 0.7207065840980E+00, 0.7206565492013E+00, 0.7206100776254E+00, 0.7205475892696E+00, 0.7204643717415E+00, 0.7203822495488E+00, 0.7203120564021E+00, 0.7202454703866E+00
 0.7394366585476E+00, 0.7393507329397E+00, 0.7392711688257E+00, 0.7391771821754E+00, 0.7390539983023E+00, 0.7389260885604E+00, 0.7388154493258E+00, 0.7387102286528E+00, 0.7386007949689E+00
 0.7356899614734E+00, 0.7356130575879E+00, 0.7355421299901E+00, 0.7354574203452E+00, 0.7353447998159E+00, 0.7352276108963E+00, 0.7351268547492E+00, 0.7350312151329E+00, 0.7349316151725E+00
 0.7333192231141E+00, 0.7332489020599E+00, 0.7331843973392E+00, 0.7331063909160E+00, 0.7330010290387E+00, 0.7328911714867E+00, 0.7327973944791E+00, 0.7327086106130E+00, 0.7326159831327E+00
 0.7318660026461E+00, 0.7317988329271E+00, 0.7317373655985E+00, 0.7316626083096E+00, 0.7315609205271E+00, 0.7314547960760E+00, 0.7313644861397E+00, 0.7312790776378E+00, 0.7311899020578E+00
 0.7262828772604E+00, 0.7262237945648E+00, 0.7261698201667E+00, 0.7261036548631E+00, 0.7260127888839E+00, 0.7259177933837E+00, 0.7258372053717E+00, 0.7257610297138E+00, 0.7256814510670E+00
 0.7230417724918E+00, 0.7229870969658E+00, 0.7229372147959E+00, 0.7228757493357E+00, 0.7227908164202E+00, 0.7227019308498E+00, 0.7226266851147E+00, 0.7225555891725E+00, 0.7224812833693E+00
 0.7207168420838E+00, 0.7206656029878E+00, 0.7206189811346E+00, 0.7205611425105E+00, 0.7204805781747E+00, 0.7203961748709E+00, 0.7203249614559E+00, 0.7202577487613E+00, 0.7201874380661E+00
 0.7393705364574E+00, 0.7392917176782E+00, 0.7392029926844E+00, 0.7390860613805E+00, 0.7389562595686E+00, 0.7388411207404E+00, 0.7387368880490E+00, 0.7386281265258E+00, 0.7364660364390E+00
 0.7356307028665E+00, 0.7355605254987E+00, 0.7354808161459E+00, 0.7353741842829E+00, 0.7352552065118E+00, 0.7351501544994E+00, 0.7350554905270E+00, 0.7349564852382E+00, 0.7328090119390E+00
 0.7332649513916E+00, 0.7332011982833E+00, 0.7331280781238E+00, 0.7330285910097E+00, 0.7329169874428E+00, 0.7328189997904E+00, 0.7327311854157E+00, 0.7326391166717E+00, 0.7305006355943E+00
 0.7318141261763E+00, 0.7317534076056E+00, 0.7316834534064E+00, 0.7315875518762E+00, 0.7314797127980E+00, 0.7313852584937E+00, 0.7313008118826E+00, 0.7312121738442E+00, 0.7290791354160E+00
 0.7262372065772E+00, 0.7261839601003E+00, 0.7261221710962E+00, 0.7260366243666E+00, 0.7259400795441E+00, 0.7258557019627E+00, 0.7257804444830E+00, 0.7257013083124E+00, 0.7235892528827E+00
 0.7229994838074E+00, 0.7229503133126E+00, 0.7228929916325E+00, 0.7228131182606E+00, 0.7227227720631E+00, 0.7226439321633E+00, 0.7225737265292E+00, 0.7224998156097E+00, 0.7203997636460E+00
 0.7206771783247E+00, 0.7206312542452E+00, 0.7205774220710E+00, 0.7205017599049E+00, 0.7204159465048E+00, 0.7203412548947E+00, 0.7202749124174E+00, 0.7202049712884E+00, 0.7181133423300E+00
 0.7371917262123E+00, 0.7374646963612E+00, 0.7373751860430E+00, 0.7372829443466E+00, 0.7371893254118E+00, 0.7370990241236E+00, 0.7370186742578E+00, 0.7369452084595E+00, 0.7368541174414E+00
 0.7341562653271E+00, 0.7344368578421E+00, 0.7343555829222E+00, 0.7342716897273E+00, 0.7341864880665E+00, 0.7341045046320E+00, 0.7340321293066E+00, 0.7339664061469E+00, 0.7338835414596E+00
 0.7312849372478E+00, 0.7315713930443E+00, 0.7314967121588E+00, 0.7314195132008E+00, 0.7313410637005E+00, 0.7312657354449E+00, 0.7311996953111E+00, 0.7311400895688E+00, 0.7310638263957E+00
 0.7290533898669E+00, 0.7293426605760E+00, 0.7292716352979E+00, 0.7291981876328E+00, 0.7291235398183E+00, 0.7290519007210E+00, 0.7289892035476E+00, 0.7289327019190E+00, 0.7288600656137E+00
 0.7233487883926E+00, 0.7236442111841E+00, 0.7235816065407E+00, 0.7235168190825E+00, 0.7234509548187E+00, 0.7233878087566E+00, 0.7233327218636E+00, 0.7232832201217E+00, 0.7232189429938E+00
 0.7207575602934E+00, 0.7210561048881E+00, 0.7209975464872E+00, 0.7209368916002E+00, 0.7208752044745E+00, 0.7208161347464E+00, 0.7207648164792E+00, 0.7207188709925E+00, 0.7206586582956E+00
 0.7185549651427E+00, 0.7188561320014E+00, 0.7188009797190E+00, 0.7187438030381E+00, 0.7186856317150E+00, 0.7186299947654E+00, 0.7185818545273E+00, 0.7185389114444E+00, 0.7184821220072E+00
 0.7374471683476E+00, 0.7373569494527E+00, 0.7372644361099E+00, 0.7371708930849E+00, 0.7370821510648E+00, 0.7370047031112E+00, 0.7369288260501E+00, 0.7368327796974E+00, 0.7367118717733E+00
 0.7344209526696E+00, 0.7343389944884E+00, 0.7342548468687E+00, 0.7341697203404E+00, 0.7340892465924E+00, 0.7340196874423E+00, 0.7339515955004E+00, 0.7338639411314E+00, 0.7337521449346E+00
 0.7315567866137E+00, 0.7314814459244E+00, 0.7314040061984E+00, 0.7313256306112E+00, 0.7312517646782E+00, 0.7311884569038E+00, 0.7311265329974E+00, 0.7310456357325E+00, 0.7309413044331E+00
 0.7293287709161E+00, 0.7292571091025E+00, 0.7291834322966E+00, 0.7291088553491E+00, 0.7290386263377E+00, 0.7289785692331E+00, 0.7289198074413E+00, 0.7288427009007E+00, 0.7287429218777E+00
 0.7236319711609E+00, 0.7235687891556E+00, 0.7235038002448E+00, 0.7234379986482E+00, 0.7233761285404E+00, 0.7233234432615E+00, 0.7232718380638E+00, 0.7232035093494E+00, 0.7231144791900E+00
 0.7210446599798E+00, 0.7209855460404E+00, 0.7209246989423E+00, 0.7208630722216E+00, 0.7208052311583E+00, 0.7207562284445E+00, 0.7207082432357E+00, 0.7206441289708E+00, 0.7205600404628E+00
 0.7188453564569E+00, 0.7187896667701E+00, 0.7187323057602E+00, 0.7186741930476E+00, 0.7186197456621E+00, 0.7185738498155E+00, 0.7185289196121E+00, 0.7184683530759E+00, 0.7183884146730E+00
 0.7373504351258E+00, 0.7372577246600E+00, 0.7371641507840E+00, 0.7370760641810E+00, 0.7369994964908E+00, 0.7369235441530E+00, 0.7368243599176E+00, 0.7367028618562E+00, 0.7365868213924E+00
 0.7343330752211E+00, 0.7342487378980E+00, 0.7341635787689E+00, 0.7340837400582E+00, 0.7340150333574E+00, 0.7339468786079E+00, 0.7338561608308E+00, 0.7337437942868E+00, 0.7336366853786E+00
 0.7314760032961E+00, 0.7313983807183E+00, 0.7313199715077E+00, 0.7312467210448E+00, 0.7311842391021E+00, 0.7311222612757E+00, 0.7310383792148E+00, 0.7309334960432E+00, 0.7308336875908E+00
 0.7292519324124E+00, 0.7291780794524E+00, 0.7291034675614E+00, 0.7290338324716E+00, 0.7289745721215E+00, 0.7289157638103E+00, 0.7288357600783E+00, 0.7287354482228E+00, 0.7286400120368E+00
 0.7235642256507E+00, 0.7234990775898E+00, 0.7234332381695E+00, 0.7233719065665E+00, 0.7233199433441E+00, 0.7232683082913E+00, 0.7231973130992E+00, 0.7231077986556E+00, 0.7230226550342E+00
 0.7209812757206E+00, 0.7209202757836E+00, 0.7208586109995E+00, 0.7208012887820E+00, 0.7207529815641E+00, 0.7207049709461E+00, 0.7206382783126E+00, 0.7205537230801E+00, 0.7204733669339E+00
 0.7187856432522E+00, 0.7187281346299E+00, 0.7186699837125E+00, 0.7186160389054E+00, 0.7185708165798E+00, 0.7185258647742E+00, 0.7184627926777E+00, 0.7183824021569E+00, 0.7183060686062E+00
 0.7372973526737E+00, 0.7372037692530E+00, 0.7371121744504E+00, 0.7370306115040E+00, 0.7369571571107E+00, 0.7368707220808E+00, 0.7367556654621E+00, 0.7366334658141E+00, 0.7365275203822E+00
 0.7342847994026E+00, 0.7341996295149E+00, 0.7341163867380E+00, 0.7340428570869E+00, 0.7339771438416E+00, 0.7338988063663E+00, 0.7337926893248E+00, 0.7336796169846E+00, 0.7335822777113E+00
 0.7314315812656E+00, 0.7313531607848E+00, 0.7312766078745E+00, 0.7312094635911E+00, 0.7311498667281E+00, 0.7310780021559E+00, 0.7309791816242E+00, 0.7308735965319E+00, 0.7307832482962E+00
 0.7292096701607E+00, 0.7291350500156E+00, 0.7290622256582E+00, 0.7289984761589E+00, 0.7289419836532E+00, 0.7288736063733E+00, 0.7287791582549E+00, 0.7286781485412E+00, 0.7285918375841E+00
 0.7235269491224E+00, 0.7234611096981E+00, 0.7233968811169E+00, 0.7233408703447E+00, 0.7232913786693E+00, 0.7232309978531E+00, 0.7231468337340E+00, 0.7230566379531E+00, 0.7229797605248E+00
 0.7209463777097E+00, 0.7208847141420E+00, 0.7208245993967E+00, 0.7207723989423E+00, 0.7207264633381E+00, 0.7206700120930E+00, 0.7205906180751E+00, 0.7205053952533E+00, 0.7204329997532E+00
 0.7187527471847E+00, 0.7186945982642E+00, 0.7186379472567E+00, 0.7185889594710E+00, 0.7185460260376E+00, 0.7184928864112E+00, 0.7184175003184E+00, 0.7183364536126E+00, 0.7182678277476E+00
 0.7371778049743E+00, 0.7370884558298E+00, 0.7370095843453E+00, 0.7369353364916E+00, 0.7368411719228E+00, 0.7367211352599E+00, 0.7366026359115E+00, 0.7364993862588E+00, 0.7364006471792E+00
 0.7341760056413E+00, 0.7340949445151E+00, 0.7340239967814E+00, 0.7339575086769E+00, 0.7338716724438E+00, 0.7337607208832E+00, 0.7336512319854E+00, 0.7335564802209E+00, 0.7334661186767E+00
 0.7313314137453E+00, 0.7312569791703E+00, 0.7311923192397E+00, 0.7311319671479E+00, 0.7310528284249E+00, 0.7309493159546E+00, 0.7308472026380E+00, 0.7307593452083E+00, 0.7306757547078E+00
 0.7291143573045E+00, 0.7290435802275E+00, 0.7289822121464E+00, 0.7289249843429E+00, 0.7288495736735E+00, 0.7287505861852E+00, 0.7286529265607E+00, 0.7285690042861E+00, 0.7284892052793E+00
 0.7234428517926E+00, 0.7233804863463E+00, 0.7233265981889E+00, 0.7232764238222E+00, 0.7232096310028E+00, 0.7231213220100E+00, 0.7230341638316E+00, 0.7229594180696E+00, 0.7228884202118E+00
 0.7208676158142E+00, 0.7208092979351E+00, 0.7207591328080E+00, 0.7207125360074E+00, 0.7206499004404E+00, 0.7205665071699E+00, 0.7204842107899E+00, 0.7204138600415E+00, 0.7203471216244E+00
 0.7186784760373E+00, 0.7186235671569E+00, 0.7185765423031E+00, 0.7185329655538E+00, 0.7184738302516E+00, 0.7183945655900E+00, 0.7183163533308E+00, 0.7182497001351E+00, 0.7181865475971E+00
 0.7371043711268E+00, 0.7370238799746E+00, 0.7369495000617E+00, 0.7368611140834E+00, 0.7367443686460E+00, 0.7366229999817E+00, 0.7365183559378E+00, 0.7364189335565E+00, 0.7363154604201E+00
 0.7341093374942E+00, 0.7340368410985E+00, 0.7339702108520E+00, 0.7338899898719E+00, 0.7337822373462E+00, 0.7336699655703E+00, 0.7335738851326E+00, 0.7334828362912E+00, 0.7333879069006E+00
 0.7312701588104E+00, 0.7312040122710E+00, 0.7311435127048E+00, 0.7310698273687E+00, 0.7309694222566E+00, 0.7308646099974E+00, 0.7307754802557E+00, 0.7306912064476E+00, 0.7306032005493E+00
 0.7290561021266E+00, 0.7289933123049E+00, 0.7289359349501E+00, 0.7288658025675E+00, 0.7287698236981E+00, 0.7286695571341E+00, 0.7285844209447E+00, 0.7285039483124E+00, 0.7284198880939E+00
 0.7233915022136E+00, 0.7233363543928E+00, 0.7232860284807E+00, 0.7232240598496E+00, 0.7231385031534E+00, 0.7230489753327E+00, 0.7229731606375E+00, 0.7229015200664E+00, 0.7228266519686E+00
 0.7208195815007E+00, 0.7207682104670E+00, 0.7207214631910E+00, 0.7206634837423E+00, 0.7205827473114E+00, 0.7204981666669E+00, 0.7204267942124E+00, 0.7203594282565E+00, 0.7202889602196E+00
 0.7186332336098E+00, 0.7185850474749E+00, 0.7185413209266E+00, 0.7184867025772E+00, 0.7184100156842E+00, 0.7183295897916E+00, 0.7182619541169E+00, 0.7181981863203E+00, 0.7181314211863E+00
 0.7370423867904E+00, 0.7369687549367E+00, 0.7368854610301E+00, 0.7367747961039E+00, 0.7366516025415E+00, 0.7365425919506E+00, 0.7364441491922E+00, 0.7363412987801E+00, 0.7341883328726E+00
 0.7340534182815E+00, 0.7339875394582E+00, 0.7339122407819E+00, 0.7338103991945E+00, 0.7336963680196E+00, 0.7335960500698E+00, 0.7335059728799E+00, 0.7334116134829E+00, 0.7312701582000E+00
 0.7312190637508E+00, 0.7311593108522E+00, 0.7310903882170E+00, 0.7309957252087E+00, 0.7308892137621E+00, 0.7307959729265E+00, 0.7307126567593E+00, 0.7306251792573E+00, 0.7284943721871E+00
 0.7290075803364E+00, 0.7289509422299E+00, 0.7288854047256E+00, 0.7287949853028E+00, 0.7286930846290E+00, 0.7286039762427E+00, 0.7285244446912E+00, 0.7284408746337E+00, 0.7263184048100E+00
 0.7233488518306E+00, 0.7232992399449E+00, 0.7232414372863E+00, 0.7231609657586E+00, 0.7230699690941E+00, 0.7229905412855E+00, 0.7229197943465E+00, 0.7228453250255E+00, 0.7207439992323E+00
 0.7207798168775E+00, 0.7207337682884E+00, 0.7206798008208E+00, 0.7206039732946E+00, 0.7205179806045E+00, 0.7204431251011E+00, 0.7203766304609E+00, 0.7203065326934E+00, 0.7182145380141E+00
 0.7185959018554E+00, 0.7185528614063E+00, 0.7185021272553E+00, 0.7184302033192E+00, 0.7183484124009E+00, 0.7182774012516E+00, 0.7182144863531E+00, 0.7181480675453E+00, 0.7160639590316E+00
 0.7352978011834E+00, 0.7355753592766E+00, 0.7354908572545E+00, 0.7354037001928E+00, 0.7353152115967E+00, 0.7352299700741E+00, 0.7351544407734E+00, 0.7350856333858E+00, 0.7349995331686E+00
 0.7325004349639E+00, 0.7327849159511E+00, 0.7327078748065E+00, 0.7326282692785E+00, 0.7325473879005E+00, 0.7324696782267E+00, 0.7324014158563E+00, 0.7323396971403E+00, 0.7322610778267E+00
 0.7282758086833E+00, 0.7285659407044E+00, 0.7284960874946E+00, 0.7284238461248E+00, 0.7283504223445E+00, 0.7282799659312E+00, 0.7282183254021E+00, 0.7281627932939E+00, 0.7280913173771E+00
 0.7257552989850E+00, 0.7260480691595E+00, 0.7259818771582E+00, 0.7259134064881E+00, 0.7258438096756E+00, 0.7257770465420E+00, 0.7257186936426E+00, 0.7256661685644E+00, 0.7255983192988E+00
 0.7210212109822E+00, 0.7213194083103E+00, 0.7212604132523E+00, 0.7211993131041E+00, 0.7211371761397E+00, 0.7210776661635E+00, 0.7210259374511E+00, 0.7209796020157E+00, 0.7209189506054E+00
 0.7186378999642E+00, 0.7189389634524E+00, 0.7188836781400E+00, 0.7188263653988E+00, 0.7187680564062E+00, 0.7187122852311E+00, 0.7186640214494E+00, 0.7186209621776E+00, 0.7185640397007E+00
 0.7163899413893E+00, 0.7166935237934E+00, 0.7166416066785E+00, 0.7165877474577E+00, 0.7165329372961E+00, 0.7164805665041E+00, 0.7164353988897E+00, 0.7163952261811E+00, 0.7163416632937E+00
 0.7355588175423E+00, 0.7354736240743E+00, 0.7353862069107E+00, 0.7352977933185E+00, 0.7352140764253E+00, 0.7351413894194E+00, 0.7350701997170E+00, 0.7349792583133E+00, 0.7348639509111E+00
 0.7327698454785E+00, 0.7326921333866E+00, 0.7326122812654E+00, 0.7325314748704E+00, 0.7324552514169E+00, 0.7323897638004E+00, 0.7323257000806E+00, 0.7322423702900E+00, 0.7321352525268E+00
 0.7285522805729E+00, 0.7284817992105E+00, 0.7284093327649E+00, 0.7283359786643E+00, 0.7282669132597E+00, 0.7282078790612E+00, 0.7281501082346E+00, 0.7280742215752E+00, 0.7279759401790E+00
 0.7260351258273E+00, 0.7259683326642E+00, 0.7258996496512E+00, 0.7258301186350E+00, 0.7257646849372E+00, 0.7257088291942E+00, 0.7256541361328E+00, 0.7255820678419E+00, 0.7254885046566E+00
 0.7213078775445E+00, 0.7212483248093E+00, 0.7211870314680E+00, 0.7211249550973E+00, 0.7210666783384E+00, 0.7210172734342E+00, 0.7209688923084E+00, 0.7209043247479E+00, 0.7208197129722E+00
 0.7189281617842E+00, 0.7188723383254E+00, 0.7188148408962E+00, 0.7187565905897E+00, 0.7187020106030E+00, 0.7186559941167E+00, 0.7186109457509E+00, 0.7185502410238E+00, 0.7184701400926E+00
 0.7166833828079E+00, 0.7166309483807E+00, 0.7165769147834E+00, 0.7165221608657E+00, 0.7164709351666E+00, 0.7164279326384E+00, 0.7163858253018E+00, 0.7163286259505E+00, 0.7162527156421E+00
 0.7354674720127E+00, 0.7353798627208E+00, 0.7352914169319E+00, 0.7352083412337E+00, 0.7351365151384E+00, 0.7350652586580E+00, 0.7349712306841E+00, 0.7348553466940E+00, 0.7347447802393E+00
 0.7326865197324E+00, 0.7326064815282E+00, 0.7325256420285E+00, 0.7324500439163E+00, 0.7323853954969E+00, 0.7323212741925E+00, 0.7322349191563E+00, 0.7321272405597E+00, 0.7320247276967E+00
 0.7284767079321E+00, 0.7284040677402E+00, 0.7283306782180E+00, 0.7282621988602E+00, 0.7282039508076E+00, 0.7281461360202E+00, 0.7280673843310E+00, 0.7279685769921E+00, 0.7278745728692E+00
 0.7259635082509E+00, 0.7258946592408E+00, 0.7258250913629E+00, 0.7257602182910E+00, 0.7257051144422E+00, 0.7256503852421E+00, 0.7255755568577E+00, 0.7254814899326E+00, 0.7253919935917E+00
 0.7212440228706E+00, 0.7211825760729E+00, 0.7211204616598E+00, 0.7210627056409E+00, 0.7210139987922E+00, 0.7209655917540E+00, 0.7208984374589E+00, 0.7208133572411E+00, 0.7207324927762E+00
 0.7188683051511E+00, 0.7188106598969E+00, 0.7187523714098E+00, 0.7186982946721E+00, 0.7186529526145E+00, 0.7186078824397E+00, 0.7185446692983E+00, 0.7184641156412E+00, 0.7183876250081E+00
 0.7166271600699E+00, 0.7165729845904E+00, 0.7165181917661E+00, 0.7164674502181E+00, 0.7164250963656E+00, 0.7163829732753E+00, 0.7163233454241E+00, 0.7162469994357E+00, 0.7161745432498E+00
 0.7354173171890E+00, 0.7353288618069E+00, 0.7352423506671E+00, 0.7351656492148E+00, 0.7350968524876E+00, 0.7350153195567E+00, 0.7349057451273E+00, 0.7347891555583E+00, 0.7346884581796E+00
 0.7326407122623E+00, 0.7325598608161E+00, 0.7324809085516E+00, 0.7324115180359E+00, 0.7323498083460E+00, 0.7322756523892E+00, 0.7321741292043E+00, 0.7320657461902E+00, 0.7319728480007E+00
 0.7284351402065E+00, 0.7283617436827E+00, 0.7282901164782E+00, 0.7282274423078E+00, 0.7281719194744E+00, 0.7281046515993E+00, 0.7280116355746E+00, 0.7279121319882E+00, 0.7278271310193E+00
 0.7259241114257E+00, 0.7258545406367E+00, 0.7257866537061E+00, 0.7257273266014E+00, 0.7256748113290E+00, 0.7256110046435E+00, 0.7255224946301E+00, 0.7254277378833E+00, 0.7253468508322E+00
 0.7212088685702E+00, 0.7211467553182E+00, 0.7210861967578E+00, 0.7210335817250E+00, 0.7209872562153E+00, 0.7209303791894E+00, 0.7208504784409E+00, 0.7207647294075E+00, 0.7206918550924E+00
 0.7188353307615E+00, 0.7187770442181E+00, 0.7187202577410E+00, 0.7186711448717E+00, 0.7186280952543E+00, 0.7185748270689E+00, 0.7184992841964E+00, 0.7184180740630E+00, 0.7183493015785E+00
 0.7165961739069E+00, 0.7165413848439E+00, 0.7164880340096E+00, 0.7164420616693E+00, 0.7164018985826E+00, 0.7163518640240E+00, 0.7162803498673E+00, 0.7162033541450E+00, 0.7161383193260E+00
 0.7353043235695E+00, 0.7352200133374E+00, 0.7351459270810E+00, 0.7350763492232E+00, 0.7349872457455E+00, 0.7348727913363E+00, 0.7347598207918E+00, 0.7346617438212E+00, 0.7345680924968E+00
 0.7325374384451E+00, 0.7324606369286E+00, 0.7323937782996E+00, 0.7323313037604E+00, 0.7322497617363E+00, 0.7321434755592E+00, 0.7320386203016E+00, 0.7319482600771E+00, 0.7318622315195E+00
 0.7283413902290E+00, 0.7282717842630E+00, 0.7282114542221E+00, 0.7281552033362E+00, 0.7280809898032E+00, 0.7279834900075E+00, 0.7278872921260E+00, 0.7278046428278E+00, 0.7277260638836E+00
 0.7258352477067E+00, 0.7257692976579E+00, 0.7257121953726E+00, 0.7256589757398E+00, 0.7255885072955E+00, 0.7254956935862E+00, 0.7254040992577E+00, 0.7253254454241E+00, 0.7252506899829E+00
 0.7211295320619E+00, 0.7210707766996E+00, 0.7210202055452E+00, 0.7209732167728E+00, 0.7209101334708E+00, 0.7208262194372E+00, 0.7207434075654E+00, 0.7206725865106E+00, 0.7206053906174E+00
 0.7187608837804E+00, 0.7187058416604E+00, 0.7186586948409E+00, 0.7186150012259E+00, 0.7185557296996E+00, 0.7184763033818E+00, 0.7183979314937E+00, 0.7183311347755E+00, 0.7182678432241E+00
 0.7165261951199E+00, 0.7164745254115E+00, 0.7164304297807E+00, 0.7163896415082E+00, 0.7163338196492E+00, 0.7162585594088E+00, 0.7161842941100E+00, 0.7161211463195E+00, 0.7160613758901E+00
 0.7352350050886E+00, 0.7351593486204E+00, 0.7350896320576E+00, 0.7350061946358E+00, 0.7348949680853E+00, 0.7347791883023E+00, 0.7346797627326E+00, 0.7345854256333E+00, 0.7344871537343E+00
 0.7324742467391E+00, 0.7324058715147E+00, 0.7323432509270E+00, 0.7322672435511E+00, 0.7321641106777E+00, 0.7320565141655E+00, 0.7319648546097E+00, 0.7318781388361E+00, 0.7317876218808E+00
 0.7282840966413E+00, 0.7282223683094E+00, 0.7281659673379E+00, 0.7280969681737E+00, 0.7280024409666E+00, 0.7279036697488E+00, 0.7278198276087E+00, 0.7277405789150E+00, 0.7276577944175E+00
 0.7257809569384E+00, 0.7257225312019E+00, 0.7256691603680E+00, 0.7256036990445E+00, 0.7255137410321E+00, 0.7254196820435E+00, 0.7253399024304E+00, 0.7252644908872E+00, 0.7251857087620E+00
 0.7210811396833E+00, 0.7210293573252E+00, 0.7209822180842E+00, 0.7209238070465E+00, 0.7208425590241E+00, 0.7207574546804E+00, 0.7206856072418E+00, 0.7206177825237E+00, 0.7205468432026E+00
 0.7187155321964E+00, 0.7186672221499E+00, 0.7186233787681E+00, 0.7185686298030E+00, 0.7184917844272E+00, 0.7184111960129E+00, 0.7183434150785E+00, 0.7182795078905E+00, 0.7182125988747E+00
 0.7164836086426E+00, 0.7164384057662E+00, 0.7163974664667E+00, 0.7163460094260E+00, 0.7162732409254E+00, 0.7161968409787E+00, 0.7161327590370E+00, 0.7160723830866E+00, 0.7160091327304E+00
 0.7351766924396E+00, 0.7351077267589E+00, 0.7350292645012E+00, 0.7349240017368E+00, 0.7348064427873E+00, 0.7347027402834E+00, 0.7346093777741E+00, 0.7345116925347E+00, 0.7323659684772E+00
 0.7324214523087E+00, 0.7323595819299E+00, 0.7322884155588E+00, 0.7321911096173E+00, 0.7320817840451E+00, 0.7319859495041E+00, 0.7319001991971E+00, 0.7318102290806E+00, 0.7296749102470E+00
 0.7282363907683E+00, 0.7281807261107E+00, 0.7281162608963E+00, 0.7280272264505E+00, 0.7279268447947E+00, 0.7278390812236E+00, 0.7277607674100E+00, 0.7276784595542E+00, 0.7255588949896E+00
 0.7257357915135E+00, 0.7256831463215E+00, 0.7256220225818E+00, 0.7255373409780E+00, 0.7254417476112E+00, 0.7253582108975E+00, 0.7252837132486E+00, 0.7252053653867E+00, 0.7230951855757E+00
 0.7210410612892E+00, 0.7209946220732E+00, 0.7209402379839E+00, 0.7208639157887E+00, 0.7207773938838E+00, 0.7207020509169E+00, 0.7206350995653E+00, 0.7205645334735E+00, 0.7184715925840E+00
 0.7186781057059E+00, 0.7186349487842E+00, 0.7185840893000E+00, 0.7185120127444E+00, 0.7184300573140E+00, 0.7183588965233E+00, 0.7182958428611E+00, 0.7182292812919E+00, 0.7161448723020E+00
 0.7164485623247E+00, 0.7164083004485E+00, 0.7163605834465E+00, 0.7162924189296E+00, 0.7162147088409E+00, 0.7161473709713E+00, 0.7160878317173E+00, 0.7160248964108E+00, 0.7139486328366E+00
 0.7337416154347E+00, 0.7340232883448E+00, 0.7339431644454E+00, 0.7338604349346E+00, 0.7337764049179E+00, 0.7336955833838E+00, 0.7336243345681E+00, 0.7335597142428E+00, 0.7334780050857E+00
 0.7299530859002E+00, 0.7302412999031E+00, 0.7301688668857E+00, 0.7300939721595E+00, 0.7300178567587E+00, 0.7299447970395E+00, 0.7298808229801E+00, 0.7298231437292E+00, 0.7297491127006E+00
 0.7250296800779E+00, 0.7253232354825E+00, 0.7252581174434E+00, 0.7251907514792E+00, 0.7251222752648E+00, 0.7250565955843E+00, 0.7249992130672E+00, 0.7249475802117E+00, 0.7248807964466E+00
 0.7229576181352E+00, 0.7232534960196E+00, 0.7231914910012E+00, 0.7231273171981E+00, 0.7230620738132E+00, 0.7229995319784E+00, 0.7229449986292E+00, 0.7228960154167E+00, 0.7228323386364E+00
 0.7189221929782E+00, 0.7192229350982E+00, 0.7191672243074E+00, 0.7191094764941E+00, 0.7190507274200E+00, 0.7189945272956E+00, 0.7189458686909E+00, 0.7189024381331E+00, 0.7188450886752E+00
 0.7164800009645E+00, 0.7167834854967E+00, 0.7167314353877E+00, 0.7166774394577E+00, 0.7166224905393E+00, 0.7165699851436E+00, 0.7165246959928E+00, 0.7164844107269E+00, 0.7164307161410E+00
 0.6914145125303E+00, 0.6917097025170E+00, 0.6916617154529E+00, 0.6916119377361E+00, 0.6915612865960E+00, 0.6915128884661E+00, 0.6914711312604E+00, 0.6914339799400E+00, 0.6913843486108E+00
 0.7340076102578E+00, 0.7339268059344E+00, 0.7338438239307E+00, 0.7337598691211E+00, 0.7336805521796E+00, 0.7336121105623E+00, 0.7335451263728E+00, 0.7334586452093E+00, 0.7333480999072E+00
 0.7302271344207E+00, 0.7301540552702E+00, 0.7300789266811E+00, 0.7300028834656E+00, 0.7299312555564E+00, 0.7298699599416E+00, 0.7298099963136E+00, 0.7297314271548E+00, 0.7296298693587E+00
 0.7253105025266E+00, 0.7252447908905E+00, 0.7251772161789E+00, 0.7251088047131E+00, 0.7250444373114E+00, 0.7249895214968E+00, 0.7249357404694E+00, 0.7248647912558E+00, 0.7247725986809E+00
 0.7232413737222E+00, 0.7231787948666E+00, 0.7231144211469E+00, 0.7230492400195E+00, 0.7229879663772E+00, 0.7229358206209E+00, 0.7228847439583E+00, 0.7228170400663E+00, 0.7227287523023E+00
 0.7192120498652E+00, 0.7191557985282E+00, 0.7190978649576E+00, 0.7190391748223E+00, 0.7189841711127E+00, 0.7189377692800E+00, 0.7188923427624E+00, 0.7188311944619E+00, 0.7187505700572E+00
 0.7167733184573E+00, 0.7167207501619E+00, 0.7166665793530E+00, 0.7166116867857E+00, 0.7165603284294E+00, 0.7165172077776E+00, 0.7164749858998E+00, 0.7164176486698E+00, 0.7163415723805E+00
 0.6917003283679E+00, 0.6916518618695E+00, 0.6916019268857E+00, 0.6915513268018E+00, 0.6915039873099E+00, 0.6914642390695E+00, 0.6914252655862E+00, 0.6913722688227E+00, 0.6913018669989E+00
 0.7339209696713E+00, 0.7338377988050E+00, 0.7337538112846E+00, 0.7336751272778E+00, 0.7336075352161E+00, 0.7335404895299E+00, 0.7334509531021E+00, 0.7333398396021E+00, 0.7332339635365E+00
 0.7301487760648E+00, 0.7300734685651E+00, 0.7299973909595E+00, 0.7299263659285E+00, 0.7298658791529E+00, 0.7298058660093E+00, 0.7297243631827E+00, 0.7296222646786E+00, 0.7295251245075E+00
 0.7252400447004E+00, 0.7251723061629E+00, 0.7251038574541E+00, 0.7250400435917E+00, 0.7249858701157E+00, 0.7249320551428E+00, 0.7248583751722E+00, 0.7247656850740E+00, 0.7246775007993E+00
 0.7231742748717E+00, 0.7231097430199E+00, 0.7230445239831E+00, 0.7229837856262E+00, 0.7229323575787E+00, 0.7228812518647E+00, 0.7228108955937E+00, 0.7227221263957E+00, 0.7226376994992E+00
 0.7191517344953E+00, 0.7190936524106E+00, 0.7190349241250E+00, 0.7189804258365E+00, 0.7189347013678E+00, 0.7188892525039E+00, 0.7188255861881E+00, 0.7187445071137E+00, 0.7186675101879E+00
 0.7167169521566E+00, 0.7166626392173E+00, 0.7166077077940E+00, 0.7165568343965E+00, 0.7165143635040E+00, 0.7164721255366E+00, 0.7164123566720E+00, 0.7163358439822E+00, 0.7162632286686E+00
 0.6916483613276E+00, 0.6915982950055E+00, 0.6915476557496E+00, 0.6915007643949E+00, 0.6914616164837E+00, 0.6914226355728E+00, 0.6913673676852E+00, 0.6912965620397E+00, 0.6912293284734E+00
 0.7338733637603E+00, 0.7337893650078E+00, 0.7337072876766E+00, 0.7336348904944E+00, 0.7335702798031E+00, 0.7334930839325E+00, 0.7333881991300E+00, 0.7332763800527E+00, 0.7331802396057E+00
 0.7301056806700E+00, 0.7300295934458E+00, 0.7299553320464E+00, 0.7298902842342E+00, 0.7298326139615E+00, 0.7297628999439E+00, 0.7296667476788E+00, 0.7295639496082E+00, 0.7294760737733E+00
 0.7252012838767E+00, 0.7251328333149E+00, 0.7250660429370E+00, 0.7250077027687E+00, 0.7249560798365E+00, 0.7248932924028E+00, 0.7248060936643E+00, 0.7247127156661E+00, 0.7246330307988E+00
 0.7231373515589E+00, 0.7230721328214E+00, 0.7230085145556E+00, 0.7229530643577E+00, 0.7229040912135E+00, 0.7228442889917E+00, 0.7227608395361E+00, 0.7226713908293E+00, 0.7225951801308E+00
 0.7191185096799E+00, 0.7190597832045E+00, 0.7190025636606E+00, 0.7189530512671E+00, 0.7189096303874E+00, 0.7188559500085E+00, 0.7187799025218E+00, 0.7186981656039E+00, 0.7186289205927E+00
 0.7166858872636E+00, 0.7166309595142E+00, 0.7165774726376E+00, 0.7165313767220E+00, 0.7164911010777E+00, 0.7164409399326E+00, 0.7163692664510E+00, 0.7162921040109E+00, 0.7162269226016E+00
 0.6916197249424E+00, 0.6915690931506E+00, 0.6915197832484E+00, 0.6914772983303E+00, 0.6914401568797E+00, 0.6913938119541E+00, 0.6913274986287E+00, 0.6912560634325E+00, 0.6911956961347E+00
 0.7337660670952E+00, 0.7336861648032E+00, 0.7336163383211E+00, 0.7335509550253E+00, 0.7334662852125E+00, 0.7333565816521E+00, 0.7332483338455E+00, 0.7331547698067E+00, 0.7330655838336E+00
 0.7300084938730E+00, 0.7299363093407E+00, 0.7298736855886E+00, 0.7298152717772E+00, 0.7297384244557E+00, 0.7296376695092E+00, 0.7295382720851E+00, 0.7294528272389E+00, 0.7293715656547E+00
 0.7251138510098E+00, 0.7250489740076E+00, 0.7249928254063E+00, 0.7249405047885E+00, 0.7248711349450E+00, 0.7247796828635E+00, 0.7246894273181E+00, 0.7246119426586E+00, 0.7245383085288E+00
 0.7230540471986E+00, 0.7229922812603E+00, 0.7229389391421E+00, 0.7228892866735E+00, 0.7228231093379E+00, 0.7227355385437E+00, 0.7226491092496E+00, 0.7225750157605E+00, 0.7225046480737E+00
 0.7190435006155E+00, 0.7189880327220E+00, 0.7189404961347E+00, 0.7188964289229E+00, 0.7188367201534E+00, 0.7187567732119E+00, 0.7186778868201E+00, 0.7186106272887E+00, 0.7185468877864E+00
 0.7166157313025E+00, 0.7165639281691E+00, 0.7165197129329E+00, 0.7164788113866E+00, 0.7164228540169E+00, 0.7163474288083E+00, 0.7162730013408E+00, 0.7162097108948E+00, 0.7161498030103E+00
 0.6915550550406E+00, 0.6915073053916E+00, 0.6914665369774E+00, 0.6914288076467E+00, 0.6913770850792E+00, 0.6913072871928E+00, 0.6912383795983E+00, 0.6911797396779E+00, 0.6911242337081E+00
 0.7337003441246E+00, 0.7336289762172E+00, 0.7335634496615E+00, 0.7334843774734E+00, 0.7333778629207E+00, 0.7332668412872E+00, 0.7331719552420E+00, 0.7330820815878E+00, 0.7329883459023E+00
 0.7299490836066E+00, 0.7298850112604E+00, 0.7298264486367E+00, 0.7297549523257E+00, 0.7296572469937E+00, 0.7295552043870E+00, 0.7294685214766E+00, 0.7293865820587E+00, 0.7293009955875E+00
 0.7250604411800E+00, 0.7250029899826E+00, 0.7249505178230E+00, 0.7248860971741E+00, 0.7247974681008E+00, 0.7247047782148E+00, 0.7246261864533E+00, 0.7245519000203E+00, 0.7244742892949E+00
 0.7230031889990E+00, 0.7229485962181E+00, 0.7228987922902E+00, 0.7228374119959E+00, 0.7227525781128E+00, 0.7226637930962E+00, 0.7225886386262E+00, 0.7225176304993E+00, 0.7224434154670E+00
 0.7189978001784E+00, 0.7189490943316E+00, 0.7189048772985E+00, 0.7188497095382E+00, 0.7187723540115E+00, 0.7186912416846E+00, 0.7186229926136E+00, 0.7185586359176E+00, 0.7184912633609E+00
 0.7165730353802E+00, 0.7165277103697E+00, 0.7164866579612E+00, 0.7164350718453E+00, 0.7163621420040E+00, 0.7162855764761E+00, 0.7162213495810E+00, 0.7161608359590E+00, 0.7160974422561E+00
 0.6915156981402E+00, 0.6914739215300E+00, 0.6914360431118E+00, 0.6913883833690E+00, 0.6913209063117E+00, 0.6912500191159E+00, 0.6911905326453E+00, 0.6911344475657E+00, 0.6910757180326E+00
 0.7336452794301E+00, 0.7335805042505E+00, 0.7335063362105E+00, 0.7334057142346E+00, 0.7332929398944E+00, 0.7331938299012E+00, 0.7331049266936E+00, 0.7330117554279E+00, 0.7308718376687E+00
 0.7298995771344E+00, 0.7298417569306E+00, 0.7297749250274E+00, 0.7296828550108E+00, 0.7295791512784E+00, 0.7294884384229E+00, 0.7294074470226E+00, 0.7293223663548E+00, 0.7271965331137E+00
 0.7250160245436E+00, 0.7249642749822E+00, 0.7249041370330E+00, 0.7248207238835E+00, 0.7247265208128E+00, 0.7246442178009E+00, 0.7245708393422E+00, 0.7244936510241E+00, 0.7223861620781E+00
 0.7229609633951E+00, 0.7229118713184E+00, 0.7228546318907E+00, 0.7227748547427E+00, 0.7226846102832E+00, 0.7226058638605E+00, 0.7225357460041E+00, 0.7224619248863E+00, 0.7203620203299E+00
 0.7189600710340E+00, 0.7189165420161E+00, 0.7188652807637E+00, 0.7187927133917E+00, 0.7187102277338E+00, 0.7186385844912E+00, 0.7185750836752E+00, 0.7185080618381E+00, 0.7164226341337E+00
 0.7165378953905E+00, 0.7164975205363E+00, 0.7164496807861E+00, 0.7163813616314E+00, 0.7163034834883E+00, 0.7162359955373E+00, 0.7161763191202E+00, 0.7161132420534E+00, 0.7140366512837E+00
 0.6914833071060E+00, 0.6914460809337E+00, 0.6914018833273E+00, 0.6913386940258E+00, 0.6912666014518E+00, 0.6912040936779E+00, 0.6911488057758E+00, 0.6910903430898E+00, 0.6890880243779E+00
