"cc","autocorr_coef","mean","stdev","skewness","kurtosis","mean_ar","var_ar","skewness_ar","kurtosis_ar","pop"
"AGO",0.709914837496608,-3.64080602413035e-19,0.0494410216882704,-2.33760919137757,13.843602021452,0.00148245389092162,0.00466274408203013,-1.36480726685453,6.87717104571403,31.825295
"BRA",0.715357613100769,1.52155830308135e-18,0.0281225085862953,-0.188429248254538,2.83592747957068,-0.000529279296511019,0.00153001666895787,-0.111774694291997,2.86261933773675,211.049527
"CZE",0.59759091038595,-2.06446335279946e-19,0.0220163964745582,-0.749343779211729,7.59021439681881,-0.000772654687176745,0.000700817497931641,-0.505328659571635,5.48437549608715,10.689209
"FRA",0.59512827609257,-4.92172800949301e-19,0.0110912147142145,-0.631070802754989,4.31767666843961,0.000105283839320062,0.000192278240155501,-0.452363082479421,3.70786105256584,67.351247
"IRL",0.683518870283609,1.38167583661403e-18,0.0311508521284702,1.2890447764296,8.79208923561035,-0.0010967947260087,0.00171906835628477,0.685685436735149,5.00348562269342,4.882495
"LUX",0.558093318613078,1.39990140147062e-19,0.0254900655634122,0.223152781876404,2.95705881468761,0.000815296695856868,0.00092067627497101,0.148523072529883,3.02364408630139,0.615729
"NZL",0.527112363676071,8.52391507382481e-19,0.0219733443033186,-0.237417245967711,3.06549144587857,-0.00047068264417232,0.000656026999745004,-0.1622790124243,3.07551285710504,4.783063
"ROU",0.748190908830183,1.44775158474518e-18,0.0345881878184336,-0.431067375884895,3.64224207765724,0.000176729066942484,0.00267754766194883,-0.194559370033164,3.21667491526746,19.364557
"TUN",0.554522439710811,-8.35720032636734e-19,0.0324807272248146,0.584715120072918,6.84321806187815,0.00024757466713949,0.00143015582764131,0.457709472405745,5.30000461171977,11.694719
"ARG",0.539433584414308,2.94365483906817e-19,0.0410165495164236,-1.02711585508577,4.63728520917125,-0.000759013966123187,0.00241176337139936,-0.76477853574333,4.0668713240405,44.780677
"CAN",0.596099458553797,9.39560529373859e-20,0.015349723735092,-1.06603989830162,4.58823167723065,-0.000135248475366156,0.000352225978756724,-0.735066219646602,3.97987433461112,37.411047
"DEU",0.442693292996967,-4.48424984872679e-19,0.0157630133199894,-0.627134151951185,4.07613857197817,-0.000111632363420726,0.000301128049958692,-0.504157860105855,3.80405302487786,83.517045
"GBR",0.596190614962838,-1.44914416433642e-19,0.0173871703388618,0.093607522248281,3.46735388735629,-0.000390775654178106,0.000452387208524692,0.0239215653954792,3.26937139361551,67.530172
"IRN",0.507857599547469,-2.85935352608042e-18,0.0888955960649623,-1.50123119452529,9.21738119470692,-0.00244423314857309,0.0103473856149924,-1.07990769833177,6.67618197116024,82.913906
"MEX",0.571824739844893,6.47018319777234e-19,0.0263460641515131,-0.474134373302009,4.425820014112,0.000365437150248217,0.00101147737606369,-0.327644727330265,3.70466688742836,127.575529
"PER",0.666354565782673,5.90626024576982e-20,0.0384754998589699,-0.064099708077804,4.69982495215595,7.85762103364267e-05,0.0025447817715893,-0.0732505246194874,3.58254995371143,32.510453
"SAU",0.61391132124483,9.91459243006474e-20,0.0617783916945429,-0.423308287555807,2.96547862840017,-8.16749746135098e-05,0.00601125871668873,-0.253746167322304,2.95978708526793,34.268528
"TUR",0.470178586222602,-3.15785367928908e-19,0.031817669708992,-0.660099216088776,3.62146429359199,0.000251470275635456,0.00125131284713684,-0.523614604745919,3.45112585128913,83.429615
"AUS",0.549203746590994,-2.40499931057696e-18,0.0131636832465534,-1.02522087695905,4.68450830894415,-0.000258170289823971,0.000238140426598429,-0.735690022056402,4.03689682979915,25.203198
"CHE",0.596225218816832,8.73499137733339e-19,0.0166458839650432,-0.765299699629638,5.03230162246871,0.000170745625432586,0.000432331984075778,-0.525989928783544,3.89800978892722,8.591365
"DNK",0.509504770162351,1.48625569261867e-19,0.0161635238321929,-0.370147387712425,3.53541672074227,-0.000519224175404785,0.00035040035303166,-0.277167367538881,3.37834414416784,5.771876
"GRC",0.676404136763286,1.84420607353208e-18,0.0281279272778922,-0.770136654589239,4.3598858852184,0.00184654407909656,0.00139989750395649,-0.492721638322444,3.56652612666026,10.473455
"ISL",0.684905896368948,-2.5429723637903e-18,0.0319779867840473,-0.43984885016081,3.33506317992007,-0.000192900266686828,0.00196335707891327,-0.209751915998159,2.98559587108241,0.339031
"MLT",0.794522122264383,6.48913376540583e-20,0.0277802220087991,-0.118651408734004,2.56956363105642,0.0022750680137763,0.00206566512546782,-0.0330841609385478,2.89905683243931,0.440372
"PHL",0.704583412709366,-9.65560133907377e-19,0.0223338448084351,-1.7174792748739,8.02141367678102,-0.00116603887776349,0.000961983064825703,-0.961163878208718,4.75679787665166,108.116615
"SGP",0.634310295437604,1.09933391361103e-18,0.031214760405006,-1.10091603151953,3.99279097610468,0.000544479597728328,0.00151449580686405,-0.724872294087554,3.63073169328992,5.804337
"TWN",0.478429470905703,-6.21492479434554e-19,0.0212159668889676,-0.289468566195663,3.0134078544548,-0.000423504652343039,0.000562701816800931,-0.224821857352385,3.0463838321878,23.596027
"AUT",0.47072848264521,2.36415509473054e-19,0.0130735606154684,-0.0279736698176532,2.38660704869599,9.26980520978266e-05,0.000214998370216422,0.00124984951377572,2.63766056559597,8.955102
"CHL",0.668966714928373,-2.15439241011473e-18,0.0402567753614468,-1.0282219643594,6.14638819915129,0.00169398788970091,0.00284548905127547,-0.567066821250791,4.07752298564456,18.952038
"EGY",0.547073169659655,-6.50521303491303e-19,0.0283593931918592,1.24245329178786,6.2382545119655,0.000261348118265545,0.00110877031561348,0.849084642555542,4.64334004152945,100.388073
"HKG",0.494710241324765,-3.71431125616326e-18,0.0308880525332473,-0.385514119220988,2.82198227689078,7.13747578432916e-05,0.00120852980725751,-0.273103456400029,2.96482883149651,7.436154
"ISR",0.586500415021898,4.41440552180489e-19,0.0242740042717616,-0.705002640778993,3.99553767191121,0.00123319038747737,0.000885906951851392,-0.539883491390527,3.75720394319568,8.519377
"MYS",0.527630239961886,9.7764829901904e-19,0.0285251831890516,-0.572654794896584,4.35533947678595,0.000173242798166817,0.00109646368194574,-0.407564104979795,3.92979203676345,31.949777
"POL",0.757612280513358,3.61496434099378e-19,0.0331873987902816,-1.33296000609793,5.10982407857348,-0.000296368594683107,0.00251297804050178,-0.684385762536947,3.6901680666912,37.887768
"SVK",0.626657646732645,1.94559161037123e-19,0.0293595608696364,-0.987861680971677,8.18500389047567,0.00047579145580336,0.00138210719499683,-0.519790297986206,5.2810036347549,5.457013
"URY",0.638267418562249,-8.46458687629043e-20,0.029234441682001,-0.281701056070892,3.0707272613683,-0.00139502445661273,0.0014838014926493,-0.184055668009904,3.01543077164572,3.461734
"BEL",0.515924228216879,1.34592099669645e-19,0.0128179029745571,0.00223912101356506,2.59030515173762,-0.000279426234754898,0.000216961701454419,0.0160154444234317,2.86968341161889,11.539328
"CHN",0.577613722801309,-4.82039272037107e-18,0.040999369633492,-1.91170504563895,10.0600628608771,0.000438190006902215,0.00247999024064135,-1.4075203355163,7.15974873055036,1433.783686
"ESP",0.791508659902264,6.51568430026733e-19,0.0174549297378444,-0.250998552424399,2.35819479737022,0.000151417726953553,0.000826147821908287,-0.139820280696511,2.89993838252384,46.736776
"HUN",0.739262803695178,3.45359738629652e-19,0.0228508935132972,-1.59397489005291,7.356212771453,0.000370310158246644,0.00114671150408616,-0.915751124734555,4.53821822078255,9.684679
"ITA",0.490367910894995,6.14005569570263e-19,0.017182626389641,0.256683644788746,4.30851784120365,-0.000232162496926705,0.000371675181756455,0.22264240294454,3.96728141057073,60.550075
"NAM",0.577537588189781,-1.49261561796839e-18,0.0242064159843601,0.181379582351885,2.91792081508797,-9.98550802695046e-05,0.000843566305256734,0.142287142868667,2.97753656896221,2.49453
"PRT",0.657905233953183,-2.31839378084286e-19,0.0232079519535007,-0.411762608451557,4.43225382702387,0.000957688901955219,0.000933925346352246,-0.206703273609059,3.58692339684451,10.226187
"SVN",0.652242357381353,1.37764884099191e-19,0.0216626597274476,-1.05903791871401,6.66727139150385,0.000808537752196495,0.000762403730937364,-0.723782663844565,4.91834640445432,2.078654
"USA",0.590297657263751,-5.54703393175153e-19,0.0157276479885201,-0.788604059315003,3.65908193009718,4.01937869695281e-05,0.000361284832033353,-0.532144991567754,3.35612380043287,329.064917
"BGR",0.680825050471453,-4.23688751514727e-19,0.0362139495826858,-0.279359211613826,5.49288737137663,0.00066353787765907,0.00234224834151188,-0.179931295285935,3.9525403889032,7.000119
"COL",0.648213990218743,4.63316254780129e-19,0.0158124531384755,-0.455118007165042,3.53027688732434,-0.000229325370181164,0.000406287042303035,-0.275274682123623,3.32915927841155,50.339443
"EST",0.670571143611776,9.30300592916587e-21,0.0403450131848265,-1.82431547595924,10.0179136571884,0.000242015395015818,0.00284313792057486,-1.02971510869466,5.58577303616625,1.325648
"IDN",0.55756311432415,2.18358274469109e-18,0.0260680110840959,-1.18733171237113,9.1112058903275,-0.000129639224097473,0.000973607385010683,-0.798067294046906,6.01199074634897,270.625568
"JPN",0.590724102985577,1.27966579243241e-18,0.0169560107824459,-0.560350122479171,3.91236815125298,-0.000202904679662364,0.000430169493432368,-0.354990991110952,3.49054549810628,126.860301
"NLD",0.603138603418216,-3.57390926419121e-19,0.0140389484916693,-0.155568567700944,2.24757362413987,-0.000252337781179608,0.000293824491212629,-0.0710995129024935,2.65987379545748,17.09713
"PRY",0.663168888575078,3.34879500468709e-18,0.0298976879460634,0.182696615841151,2.93543894052934,0.00143867072424233,0.00151357701518753,0.11563487333816,2.9944150639902,7.044636
"SWE",0.541045673140518,-3.8874505331783e-19,0.0157893499273866,-0.964974658261797,4.71521360856717,0.000368059851257331,0.000354968908359011,-0.709981142729096,3.98682319680842,10.036379
"ZAF",0.65667693195449,-1.28921285870231e-18,0.0165504445038623,0.132605360950403,2.71504163408293,8.61125577437818e-05,0.000453228475929922,0.0998550733111847,2.93075104586709,58.55827
"BOL",0.590012084389245,-3.8613217202291e-19,0.0259136143019588,-1.34952296701991,10.9262218147028,1.17374158927702e-05,0.00101939757018253,-0.825901590110813,6.68641239037656,11.5131
"CYP",0.438295067466474,6.83397667037275e-19,0.0449088992505788,-2.62035464687747,12.7567551078805,6.88042671438282e-05,0.00240048622715285,-2.18431326176534,10.2650193876701,0.868495
"FIN",0.648003590759223,9.44197675847811e-19,0.0239213084777267,-0.488045449207291,3.4534806154291,-0.000108481752413427,0.000947911521394076,-0.288162598003316,3.23421535953605,5.532156
"IND",0.373358076519858,-2.94135780056714e-19,0.022406184787947,-0.195661317665358,3.91132684203815,0.00012132563067177,0.000554485794638642,-0.197432188441257,3.79013964603568,1366.417754
"KOR",0.507128193513659,1.73167989996294e-19,0.0250913637216452,-1.26347550412653,6.11688560086343,-3.11099402426792e-05,0.000807381038556688,-0.962391225287506,4.91368599023147,51.225308
"NOR",0.643606846470076,4.78702823614363e-19,0.0120762916297677,-0.0723490572315114,2.74664097515204,7.93020809214246e-05,0.000241833059830637,-0.0513781941648273,2.9178581481452,5.378857
"QAT",0.611520695192478,1.2772395455157e-18,0.0403418730400756,0.972478854959276,5.19177018681022,0.000293724831013528,0.00242463237680441,0.592943233555663,3.9456394230206,2.832067
"THA",0.524286932458761,-8.470329472543e-20,0.034972266350544,1.8108586662303,12.9710108521734,-0.000260133993119464,0.00161685645500117,1.38145116481664,8.84404823003618,69.625582
"AGO_A",0.570523920447732,-1.54407645863675e-19,0.011351704832574,-0.815382644550949,5.12212257257247,6.08439327839957e-05,0.0001925989013308,-0.580128716199094,4.22317135640241,1065.887525
"BRA_A",0.570523920447732,-1.54407645863675e-19,0.011351704832574,-0.815382644550949,5.12212257257247,-0.000104850767433568,0.000180860771114301,-0.555978736039822,4.19483896710191,1065.887525
"CZE_A",0.646494565632864,1.25834640384474e-19,0.00763106386288065,-2.56925625168695,17.117198131233,-7.85185265970855e-05,9.39098798778475e-05,-1.55270164981526,8.6191369999596,1055.198316
"FRA_A",0.568978485207125,-1.70131592227747e-19,0.0116210005861737,-0.816871758717483,5.00075909673545,-0.000169231980701363,0.000196464660978871,-0.563881419475778,4.12902813845201,998.536278
"IRL_A",0.567910315897179,-5.0550639162324e-19,0.0113276738118909,-0.813992472260812,5.13710730350615,0.000201252030429657,0.000186663875368772,-0.534456656581991,4.13317466011722,1061.00503
"LUX_A",0.570485339927312,-3.76911715914874e-19,0.0113474492817219,-0.816417367321103,5.12111081721449,-0.000402309231277431,0.000176719584185921,-0.57318978886802,4.01272869135239,1065.271796
"NZL_A",0.571007839301571,-4.42790062299843e-19,0.0113752934607915,-0.821010121607849,5.12552275688422,0.000713520641023145,0.000185122406169792,-0.544075553947276,4.0504308790579,1061.104462
"ROU_A",0.570523920447732,-1.54407645863675e-19,0.011351704832574,-0.815382644550949,5.12212257257247,0.000132861767213555,0.000184216684986383,-0.695604979072569,4.41270377924824,1065.887525
"TUN_A",0.570523920447732,-1.54407645863675e-19,0.011351704832574,-0.815382644550949,5.12212257257247,0.00040694903159962,0.000180211572350862,-0.637748756412842,4.19987962073643,1065.887525
"ARG_A",0.570523920447732,-1.54407645863675e-19,0.011351704832574,-0.815382644550949,5.12212257257247,0.00036824774250019,0.000181798940720054,-0.640873140577321,4.37160319190868,1065.887525
"CAN_A",0.570238792503027,-2.78541042108324e-19,0.0113344338017541,-0.793747737200472,5.11682019316384,-0.000100475815714271,0.000185556259699926,-0.594975328066627,4.28644652567583,1028.476478
"DEU_A",0.592678282887191,6.60972828670983e-20,0.0114485486814876,-0.724949479089146,4.78648669475874,-0.000244468854248421,0.000202026419576531,-0.484696280665751,3.89144413875918,982.37048
"GBR_A",0.557658993524633,-3.39703281320869e-19,0.0112428234352136,-0.86325051391827,5.10527244531996,0.000341916983934935,0.000166943474665919,-0.559439486592822,4.07442823640868,998.357353
"IRN_A",0.570523920447732,-1.54407645863675e-19,0.011351704832574,-0.815382644550949,5.12212257257247,0.000153471431224949,0.000189174094808721,-0.447817444623302,4.02865354916532,1065.887525
"MEX_A",0.570523920447732,-1.54407645863675e-19,0.011351704832574,-0.815382644550949,5.12212257257247,-0.000514747486923744,0.000180924994300101,-0.606845792550493,4.10560793696141,1065.887525
"PER_A",0.570523920447732,-1.54407645863675e-19,0.011351704832574,-0.815382644550949,5.12212257257247,0.000104510775010752,0.000183695181422813,-0.532910744084915,4.08397597820732,1065.887525
"SAU_A",0.570523920447732,-1.54407645863675e-19,0.011351704832574,-0.815382644550949,5.12212257257247,-6.00077870576841e-05,0.000178739594022531,-0.543434584956878,4.12986460275355,1065.887525
"TUR_A",0.570523920447732,-1.54407645863675e-19,0.011351704832574,-0.815382644550949,5.12212257257247,0.000113865272840969,0.000179510243366549,-0.584757086954999,4.2016779392541,1065.887525
"AUS_A",0.568000631728102,-1.61625371528626e-19,0.0114712447720962,-0.811043677023449,5.15051449134809,-0.000347839094560143,0.000194871043029455,-0.6469145725069,4.20874377295936,1040.684327
"CHE_A",0.5691784464591,-4.9611006850497e-19,0.0113809520515314,-0.797543899209968,5.04069886980485,-0.000667938529344605,0.000182493234114299,-0.596699456555352,4.0808666679324,1057.29616
"DNK_A",0.570830853036875,2.50161849252647e-21,0.0113581095333974,-0.810665590304665,5.1212165354465,2.25606235187647e-05,0.000179317327680546,-0.556819247018189,4.12711858280563,1060.115649
"GRC_A",0.567398833152182,-4.48288598211681e-19,0.0113485958623949,-0.847797263351709,5.21762325693886,-0.000187920828624423,0.000186128910352353,-0.638364125040518,4.15722021971851,1055.41407
"ISL_A",0.570350899261287,-3.98690512202752e-19,0.011351122788581,-0.814864905302564,5.12134768661219,0.000340842597948861,0.000199970795956168,-0.483727266753399,3.90963903806841,1065.548494
"MLT_A",0.570536736632093,-4.68671225785652e-19,0.0113526812693363,-0.815261563534927,5.12257939356401,-6.53959848464626e-05,0.000191439619542218,-0.586824180792473,3.98434363474076,1065.447153
"PHL_A",0.570523920447732,-1.54407645863675e-19,0.011351704832574,-0.815382644550949,5.12212257257247,0.000234279087110247,0.000175530936409421,-0.500969417689943,3.97361763064866,1065.887525
"SGP_A",0.573951933337632,1.73412050337029e-19,0.0113464056844476,-0.818127497736114,5.10104814637289,0.000275792576163726,0.000187033005391162,-0.543912920045001,4.11186212615873,1060.083188
"TWN_A",0.576306058786197,-3.74970000556974e-19,0.0113374066782109,-0.823052873873548,5.11183632547229,0.000221322800362343,0.000191531637981688,-0.587609470945201,4.20455329793592,1042.291498
"AUT_A",0.571266320407773,-7.88135444438864e-20,0.0113999945492598,-0.810162012203825,5.08912801258979,-6.25151161943447e-05,0.000187190796060261,-0.587333836477726,4.15598000464302,1056.932423
"CHL_A",0.570523920447732,-1.54407645863675e-19,0.011351704832574,-0.815382644550949,5.12212257257247,0.000733634440571002,0.000184154446366087,-0.489725181534649,4.01244669877811,1065.887525
"EGY_A",0.570523920447732,-1.54407645863675e-19,0.011351704832574,-0.815382644550949,5.12212257257247,0.000185395536499908,0.000187428581151703,-0.578122792930452,4.20116513318339,1065.887525
"HKG_A",0.572794679595278,-5.67081379941438e-20,0.0113404686602338,-0.81977037299043,5.11978390933999,-0.000253013074674038,0.000179138258505616,-0.550137257290357,4.26499539967896,1058.451371
"ISR_A",0.571277693401363,-7.12950503002071e-19,0.0113774581381696,-0.817080340242995,5.12193113922636,-0.000112189747505719,0.000183365344548117,-0.533898526842054,4.04856255430875,1057.368148
"MYS_A",0.570523920447732,-1.54407645863675e-19,0.011351704832574,-0.815382644550949,5.12212257257247,-0.000200104536835169,0.000181794364216276,-0.617166571311352,4.2715480219539,1065.887525
"POL_A",0.570523920447732,-1.54407645863675e-19,0.011351704832574,-0.815382644550949,5.12212257257247,0.00034234723538005,0.000187346417799642,-0.656202791370481,4.14281988515881,1065.887525
"SVK_A",0.648198889963452,6.60685698858354e-20,0.0076433983400787,-2.56027124481008,17.0746672248549,-0.000187964486183594,9.80195545942163e-05,-1.4865639794859,8.62710955099673,1060.430512
"URY_A",0.570523920447732,-1.54407645863675e-19,0.011351704832574,-0.815382644550949,5.12212257257247,8.25328081279176e-05,0.000184314287214565,-0.530950872876743,4.1313235700041,1065.887525
"BEL_A",0.571355411665864,-6.29244984375525e-19,0.0113910324356123,-0.817243908433511,5.10778273129931,-0.000315437686576042,0.000184047832824308,-0.555465975366442,4.04230531271893,1054.348197
"CHN_A",0.570523920447732,-1.54407645863675e-19,0.011351704832574,-0.815382644550949,5.12212257257247,0.000441268209507392,0.000180032837960276,-0.512639118703586,4.0675418821561,1065.887525
"ESP_A",0.56102546779945,-3.47254795393e-19,0.01146000129844,-0.831693005543577,5.11925490426332,-0.000789446308311106,0.000191758918533161,-0.574313110193856,4.15403139094262,1019.150749
"HUN_A",0.570523920447732,-1.54407645863675e-19,0.011351704832574,-0.815382644550949,5.12212257257247,-0.000630692464797607,0.000179628514603961,-0.601396984885698,4.20051703931331,1065.887525
"ITA_A",0.572516433828292,-8.34427948479906e-19,0.0115429605068343,-0.748900829328554,4.79137299784445,-1.20506269427203e-05,0.000189109799103961,-0.527321840713389,3.90357758276029,1005.33745
"NAM_A",0.570523920447732,-1.54407645863675e-19,0.011351704832574,-0.815382644550949,5.12212257257247,0.000683730442492396,0.000172686854184632,-0.51060657280951,4.2492441856898,1065.887525
"PRT_A",0.569314560452573,-5.54598411337411e-19,0.0113456565344827,-0.823236323973552,5.11934730254596,-0.000313784349623952,0.000185111569602972,-0.562523430892986,4.05779332053885,1055.661338
"SVN_A",0.647612264160223,1.20619645162607e-19,0.00764526601568901,-2.56181716845691,17.0927193547388,0.000103626318640738,9.93319639606179e-05,-1.62103719147619,9.00511496154548,1063.808871
"USA_A",0.565212867914003,3.66923187558058e-19,0.0112852145329302,-0.632304868248018,5.27078345175135,-0.000337191527950476,0.00018807249682504,-0.423878439926957,4.12528254020157,736.822608
"BGR_A",0.570523920447732,-1.54407645863675e-19,0.011351704832574,-0.815382644550949,5.12212257257247,-7.34654315299225e-05,0.000179159979579969,-0.531124762577005,4.14449415155774,1065.887525
"COL_A",0.570523920447732,-1.54407645863675e-19,0.011351704832574,-0.815382644550949,5.12212257257247,-0.000316761277470839,0.000191477299672358,-0.550192667442611,3.97037076685837,1065.887525
"EST_A",0.647634998830824,-2.23351102998454e-20,0.00763967108280512,-2.55776451038103,17.0603130903036,5.71392416483842e-06,9.37661913450381e-05,-1.62895530716211,8.96491732987951,1064.561877
"IDN_A",0.570523920447732,-1.54407645863675e-19,0.011351704832574,-0.815382644550949,5.12212257257247,2.57673745061373e-05,0.000178143345510485,-0.604962197558314,4.28833121291774,1065.887525
"JPN_A",0.583969975007969,1.47871853503717e-20,0.0116476127618669,-0.826553351395984,4.77068415199316,-0.000159476554418027,0.000197338198371626,-0.574938675260137,4.05422002521966,939.027224
"NLD_A",0.569306052115267,-6.37693779112121e-19,0.0114114060090151,-0.804801349084359,5.10629490935316,0.000297126650381958,0.000182320304811349,-0.562015498299914,4.25109071564448,1048.790395
"PRY_A",0.570523920447732,-1.54407645863675e-19,0.011351704832574,-0.815382644550949,5.12212257257247,0.0005391944973463,0.000175436772171405,-0.576227795319692,4.36035105350794,1065.887525
"SWE_A",0.5687444278307,-2.94882317569548e-20,0.0113798072167115,-0.812567659473172,5.11119802744885,-0.00020874471646712,0.000188708085450137,-0.684448831594927,4.25851365163036,1055.851146
"ZAF_A",0.570523920447732,-1.54407645863675e-19,0.011351704832574,-0.815382644550949,5.12212257257247,-0.000373278326168731,0.000185564326295459,-0.522246008912261,3.93341134675932,1065.887525
"BOL_A",0.570523920447732,-1.54407645863675e-19,0.011351704832574,-0.815382644550949,5.12212257257247,-0.000696827162379969,0.000189191484966748,-0.578904447254307,4.04021907907729,1065.887525
"CYP_A",0.570392185571653,-6.10147262713067e-19,0.0113530021177537,-0.814125287075913,5.12189039392249,-0.000219806999911547,0.000196853453320256,-0.568077817158334,4.0066117005146,1065.01903
"FIN_A",0.569525879645453,-1.97958060194114e-19,0.011340069421867,-0.8202174738452,5.1155369483718,0.000246820918986969,0.000193456098509348,-0.494195421368606,4.0282616343166,1060.355369
"IND_A",0.570523920447732,-1.54407645863675e-19,0.011351704832574,-0.815382644550949,5.12212257257247,-0.000429555487989145,0.000179147345445742,-0.636229181878891,4.32689108383767,1065.887525
"KOR_A",0.577600772679524,2.63800515352505e-20,0.0114327250140166,-0.843661724622694,5.17817611231643,-0.000103780359347752,0.000197805485918822,-0.671958336415983,4.37733758773733,1014.662217
"NOR_A",0.570815546036618,-5.6920614055489e-19,0.0114041955110229,-0.807304473326898,5.11237809121671,0.00051097847569224,0.000183877036352807,-0.556472200638743,4.19421161658317,1060.508668
"QAT_A",0.570523920447732,-1.54407645863675e-19,0.011351704832574,-0.815382644550949,5.12212257257247,0.000157086614539632,0.0001905010227358,-0.592204383739989,4.05400209945736,1065.887525
"THA_A",0.570523920447732,-1.54407645863675e-19,0.011351704832574,-0.815382644550949,5.12212257257247,-0.000323439359078029,0.000186302174786538,-0.633394933556282,4.12591185627753,1065.887525
"AGO_E",0.730878608070279,3.93457571367596e-19,0.0125143978813238,-0.63649588948956,3.84290398942536,-0.00108350144910282,0.000326330165533275,-0.317732314928809,3.2425972141297,4238.26295
"BRA_E",0.687448496071415,6.97725444687441e-19,0.0156063298468819,0.580183364476905,5.60761472940043,-0.000208354879794334,0.000447829979164643,0.305622548489516,3.82800921192167,4059.038718
"CZE_E",0.713350644746878,-1.65406871160944e-18,0.0147275022860916,0.541314591847924,4.34428766680358,-0.000830571199281623,0.000414919138459818,0.224285645877823,3.30215387916848,4270.088245
"FRA_E",0.713350644746878,-1.65406871160944e-18,0.0147275022860916,0.541314591847924,4.34428766680358,-0.000377392185028323,0.000412023132135326,0.271476314181774,3.49298411950061,4270.088245
"IRL_E",0.713350644746878,-1.65406871160944e-18,0.0147275022860916,0.541314591847924,4.34428766680358,-0.000144740761159388,0.000435958310457242,0.215664943279578,3.30045599722071,4270.088245
"LUX_E",0.713350644746878,-1.65406871160944e-18,0.0147275022860916,0.541314591847924,4.34428766680358,2.45092614957355e-05,0.000418423640635679,0.348144388005799,3.56056777316984,4270.088245
"NZL_E",0.713350644746878,-1.65406871160944e-18,0.0147275022860916,0.541314591847924,4.34428766680358,0.000134949692937228,0.000422325766398866,0.255825137440454,3.38921894145916,4270.088245
"ROU_E",0.715126725266226,-1.52173058096893e-18,0.0149707956026572,0.573016336866209,4.59830581042789,-0.000324163489682571,0.000441020189826505,0.252100529495289,3.5229192423534,4250.723688
"TUN_E",0.713233907376025,-1.32682686415665e-18,0.0147359197095923,0.531736405594669,4.292258329906,0.00010277528282297,0.000395486764812237,0.334774704925895,3.47510307148564,4258.393526
"ARG_E",0.697960997311307,-1.12750134822989e-18,0.0152036457659728,0.641958378478309,5.22438040957872,3.08062596051528e-05,0.000459312606378635,0.381871313783958,3.63498871836296,4225.307568
"CAN_E",0.713350644746878,-1.65406871160944e-18,0.0147275022860916,0.541314591847924,4.34428766680358,-0.000580047262612406,0.00041768058869744,0.219644875901924,3.41328175848468,4270.088245
"DEU_E",0.713350644746878,-1.65406871160944e-18,0.0147275022860916,0.541314591847924,4.34428766680358,0.000178662482565461,0.000441383811594374,0.352164060341672,3.39628938828849,4270.088245
"GBR_E",0.713350644746878,-1.65406871160944e-18,0.0147275022860916,0.541314591847924,4.34428766680358,0.000900268984682312,0.000426544977390182,0.322753425076298,3.52626889037817,4270.088245
"IRN_E",0.641042966163462,1.94961142774803e-19,0.0204849618800374,1.5421440310721,10.1579007524007,-0.00126399961285677,0.000710178645029482,1.02694905970217,6.07927590462323,4187.174339
"MEX_E",0.728912171116651,-1.33756551914896e-18,0.016138316406658,0.685957390300519,5.07407178136667,-0.000318311834865006,0.000550072579487743,0.321630648632676,3.62861056837692,4142.512716
"PER_E",0.712976612006252,-2.12619626251461e-18,0.0148252849865745,0.565396417391256,4.50627712572909,0.00116476899379201,0.000410599634932657,0.343384165477949,3.67754478488761,4237.577792
"SAU_E",0.742916495647411,-1.0842021724855e-19,0.0120087224602407,-0.494597790416258,3.28936894169869,0.000360917661765595,0.00032615656622774,-0.202314980099917,2.98970896881336,4235.819717
"TUR_E",0.708174178443528,-2.34028025081047e-18,0.0151686822875531,0.659181410755603,4.77059666199006,0.000733307152251101,0.000442537828194054,0.385515868148782,3.65995742018848,4186.65863
"AUS_E",0.713350644746878,-1.65406871160944e-18,0.0147275022860916,0.541314591847924,4.34428766680358,-0.000723864942898907,0.000435521066866441,0.320076298065005,3.4512511308294,4270.088245
"CHE_E",0.713350644746878,-1.65406871160944e-18,0.0147275022860916,0.541314591847924,4.34428766680358,-0.000399006256705378,0.000408997188872682,0.276216856834997,3.46418526007886,4270.088245
"DNK_E",0.713350644746878,-1.65406871160944e-18,0.0147275022860916,0.541314591847924,4.34428766680358,-0.000858369855695712,0.000431420280153649,0.339150302024424,3.48640139520767,4270.088245
"GRC_E",0.713350644746878,-1.65406871160944e-18,0.0147275022860916,0.541314591847924,4.34428766680358,0.00068752734770526,0.000432117123459141,0.362614684754943,3.54249852653154,4270.088245
"ISL_E",0.713350644746878,-1.65406871160944e-18,0.0147275022860916,0.541314591847924,4.34428766680358,0.000139789096029941,0.000447705414549896,0.351538447106273,3.58787504589584,4270.088245
"MLT_E",0.713350644746878,-1.65406871160944e-18,0.0147275022860916,0.541314591847924,4.34428766680358,-8.27716183795835e-05,0.00042882864000829,0.355832926987895,3.5233408820055,4270.088245
"PHL_E",0.71362208711077,-7.97244637744505e-19,0.0150383653938867,0.562060802761302,4.49013194852373,6.15433921202671e-05,0.000451352766319549,0.355886183617434,3.5194510071227,4161.97163
"SGP_E",0.713350644746878,-1.65406871160944e-18,0.0147275022860916,0.541314591847924,4.34428766680358,0.000122964117083693,0.00042854276240008,0.340243117396294,3.49612389130311,4270.088245
"TWN_E",0.713350644746878,-1.65406871160944e-18,0.0147275022860916,0.541314591847924,4.34428766680358,0.000284321096570328,0.000432899600655657,0.241845764291506,3.41542357484732,4270.088245
"AUT_E",0.713350644746878,-1.65406871160944e-18,0.0147275022860916,0.541314591847924,4.34428766680358,-0.000449980243305505,0.000443612286350917,0.256436046223179,3.33093298519448,4270.088245
"CHL_E",0.712428442584472,-1.99578190161871e-18,0.0148367882772723,0.565002200622567,4.46709159423321,-1.12894346394878e-05,0.00044774589907334,0.341610948306955,3.61775387669659,4251.136207
"EGY_E",0.719431963220092,-1.42571437162593e-18,0.0148385720292566,0.48441605547284,4.13056932143389,0.000254143251258711,0.000428704023990742,0.157741648229918,3.32732713976027,4169.700172
"HKG_E",0.713350644746878,-1.65406871160944e-18,0.0147275022860916,0.541314591847924,4.34428766680358,0.00059036017402037,0.00042581503905014,0.373616312225389,3.64423232494404,4270.088245
"ISR_E",0.713350644746878,-1.65406871160944e-18,0.0147275022860916,0.541314591847924,4.34428766680358,0.00113945171201827,0.000430395366812971,0.27550486101682,3.42678842085683,4270.088245
"MYS_E",0.713326714420005,-6.39524231667628e-19,0.0147331959138535,0.575312587024537,4.4849843437493,-0.000294200852719055,0.000418650459928311,0.349752478118638,3.39533769071704,4238.138468
"POL_E",0.723925506137616,-8.25605884986893e-20,0.0124495094710861,-0.591780735918416,3.96348571049288,-0.000254671274207999,0.000322223075871504,-0.376815969014691,3.50506630555585,4232.200477
"SVK_E",0.713350644746878,-1.65406871160944e-18,0.0147275022860916,0.541314591847924,4.34428766680358,-0.000326839403101513,0.00040999928844074,0.249964846499311,3.48490651939763,4270.088245
"URY_E",0.712666246847553,-2.21089955724004e-20,0.0147545607173608,0.543937327172209,4.36714301875447,-0.000105976584798242,0.000409411551752645,0.212569044591927,3.45947421643326,4266.626511
"BEL_E",0.713350644746878,-1.65406871160944e-18,0.0147275022860916,0.541314591847924,4.34428766680358,0.000271557004991211,0.000433001667513232,0.299667797408686,3.59252051292713,4270.088245
"CHN_E",0.721686289029152,2.90754826513012e-19,0.0131341844792037,0.00199286772643855,3.28610932799036,0.000219015197343068,0.000333262641777479,0.0042941405361426,3.13951014107966,2836.304559
"ESP_E",0.713350644746878,-1.65406871160944e-18,0.0147275022860916,0.541314591847924,4.34428766680358,-0.000601817187304511,0.00039421484382318,0.254994724939015,3.54281101434515,4270.088245
"HUN_E",0.722777796718224,1.12228276388537e-19,0.0124667000291745,-0.616812326414805,3.83765085524388,9.74971169860951e-05,0.000330631463109392,-0.422364986937265,3.39860797568098,4260.403566
"ITA_E",0.713350644746878,-1.65406871160944e-18,0.0147275022860916,0.541314591847924,4.34428766680358,0.000129988784380654,0.000427744777340388,0.379331488369453,3.53332166274454,4270.088245
"NAM_E",0.713425278863779,-1.36139729359713e-18,0.0147317094449463,0.542778627839267,4.34762992451813,0.000528588293283114,0.000438104751505574,0.304637445974209,3.65200539781642,4267.593715
"PRT_E",0.713350644746878,-1.65406871160944e-18,0.0147275022860916,0.541314591847924,4.34428766680358,0.000637029636624444,0.000456345863086238,0.317415342633923,3.39477183792428,4270.088245
"SVN_E",0.713350644746878,-1.65406871160944e-18,0.0147275022860916,0.541314591847924,4.34428766680358,5.37896612536635e-05,0.000423276011402954,0.271326948258024,3.4110503543659,4270.088245
"USA_E",0.713350644746878,-1.65406871160944e-18,0.0147275022860916,0.541314591847924,4.34428766680358,-0.000380017419610447,0.000426975626389972,0.277315768317577,3.40239831101156,4270.088245
"BGR_E",0.728910241369604,5.27439520185406e-19,0.0124860386529236,-0.619599519999726,3.82927311422007,0.000534688023021032,0.000308984286191742,-0.348311825650508,3.30501307916047,4263.088126
"COL_E",0.708974692498717,-8.048248647979e-19,0.0148715584770516,0.552962661781794,4.46494732635219,-0.000484745593240626,0.000410340460923472,0.352380330687801,3.81864231502621,4219.748802
"EST_E",0.713350644746878,-1.65406871160944e-18,0.0147275022860916,0.541314591847924,4.34428766680358,0.000546916387985131,0.000423490349227508,0.259194386896889,3.34388632139474,4270.088245
"IDN_E",0.722133533673432,-1.58610508496026e-18,0.0150189376031756,0.501443242779355,4.59736778017067,-0.000174962927938398,0.000459607871304937,0.278659665568639,3.40656682678912,3999.462677
"JPN_E",0.713350644746878,-1.65406871160944e-18,0.0147275022860916,0.541314591847924,4.34428766680358,-7.40403867338447e-05,0.000422941169985669,0.27257569373286,3.42442778099763,4270.088245
"NLD_E",0.713350644746878,-1.65406871160944e-18,0.0147275022860916,0.541314591847924,4.34428766680358,0.000640032784231234,0.000460317051278677,0.393319408114368,3.62485396467651,4270.088245
"PRY_E",0.713483760367131,-5.80404203247404e-19,0.0147484518425167,0.542770123318606,4.35693984328069,0.000260433652186472,0.000415761507097015,0.289171954999534,3.47719574648738,4263.043609
"SWE_E",0.713350644746878,-1.65406871160944e-18,0.0147275022860916,0.541314591847924,4.34428766680358,-0.000150114731117334,0.00043768784696982,0.291958937651451,3.38392968358869,4270.088245
"ZAF_E",0.718132365177613,-7.91932736210877e-19,0.0151604177578532,0.60347387859995,4.67670248823003,-0.000894407179960831,0.000459417234387067,0.345174936518922,3.59535639690253,4211.529975
"BOL_E",0.712936754215166,-1.89833004321257e-18,0.0147748306859906,0.558551304260856,4.3978456870574,0.000118222237073348,0.00044089932822531,0.322776417852142,3.46169218734958,4258.575145
"CYP_E",0.713350644746878,-1.65406871160944e-18,0.0147275022860916,0.541314591847924,4.34428766680358,0.000342331433161791,0.000422642716704638,0.368233992565642,3.61487184717749,4270.088245
"FIN_E",0.713350644746878,-1.65406871160944e-18,0.0147275022860916,0.541314591847924,4.34428766680358,-0.000107438635554001,0.000438419337196197,0.349198500979856,3.65178974460256,4270.088245
"IND_E",0.706527809963109,2.39667254601073e-19,0.0164333418223006,0.365683894146542,3.57580137804639,-0.000654674606534668,0.000519301446812642,0.219290630292248,3.17768131312372,2903.670491
"KOR_E",0.713350644746878,-1.65406871160944e-18,0.0147275022860916,0.541314591847924,4.34428766680358,0.00050424490192406,0.000438369973792803,0.370006354593718,3.6506524873035,4270.088245
"NOR_E",0.713350644746878,-1.65406871160944e-18,0.0147275022860916,0.541314591847924,4.34428766680358,-0.000174032860928322,0.000424805988160804,0.330256862252862,3.46101001379266,4270.088245
"QAT_E",0.728416461089592,-3.79154917576035e-20,0.012482826549728,-0.623097855828057,3.83133093017486,-0.000631411915130156,0.00032080749150229,-0.271108713426263,3.10627280483463,4267.256178
"THA_E",0.729135795363128,-6.73032280801383e-19,0.0147345892111809,0.474035737160954,4.07883154416311,-8.77979126111525e-05,0.000464895365950844,0.306441447506197,3.40339579487357,4200.462663
"AGO_R",0.531643393687782,-9.94348486746049e-20,0.00999055435387393,-0.586753571391371,4.72879423132918,-0.000232398759524832,0.000134986387226231,-0.448702160345492,4.06840059801898,5304.150475
"BRA_R",0.532673426174203,-2.2607165797311e-19,0.009625810483658,-0.571025585920652,4.4204406351647,0.000235685258796221,0.000121066521714982,-0.472414778056691,3.99139907417059,5124.926243
"CZE_R",0.651601851837262,-1.01137887375758e-19,0.00715588368857953,-1.38221504979382,8.73217278794137,-0.00012520284405865,8.42606576270432e-05,-0.819980647897049,5.26205466673198,5325.286561
"FRA_R",0.53384069396859,-5.42503067980432e-19,0.00963297131014511,-0.572454171561018,4.42674530288849,-0.000102175745626132,0.000125577510609691,-0.348998840380396,3.86066551268086,5268.624523
"IRL_R",0.535319224487157,-7.38828077365221e-19,0.00963868341607296,-0.571357441399383,4.41945087332279,-8.38197188733227e-05,0.000125898819396418,-0.41811348717,3.80194580762127,5331.093275
"LUX_R",0.53548347858781,-3.56234780282959e-19,0.00963947642926465,-0.572229813629893,4.42065272964533,-0.000126092114655221,0.000125086052328135,-0.372587264517645,3.8203455221732,5335.360041
"NZL_R",0.535432463911786,-7.51949909802347e-19,0.00963896362443365,-0.572024061539679,4.42160655341791,6.83175985409356e-06,0.000128314767519188,-0.508951585052301,4.05726187238923,5331.192707
"ROU_R",0.535079576270927,-2.3843259640677e-19,0.00963895430101597,-0.572595058850104,4.42300893215095,0.000309309289830567,0.000122901153835595,-0.403277915894194,3.93055971922643,5316.611213
"TUN_R",0.535321903807941,-5.7925568399689e-19,0.00963838065480181,-0.572055613422606,4.42086378369783,0.000273219705050689,0.000127112199675981,-0.46659798869921,3.92273168195958,5324.281051
"ARG_R",0.534660178050024,-1.61740223453677e-19,0.00963570776530866,-0.571852325334521,4.42372726524352,7.2404663729944e-05,0.000129496868527408,-0.441006611404623,3.95254336369669,5291.195093
"CAN_R",0.535048854398278,-1.81911092790835e-19,0.00963691965774763,-0.572198528720134,4.42275330636934,0.000277515466751037,0.000121595488669483,-0.397859977470385,4.07052020000468,5298.564723
"DEU_R",0.533515148052615,9.02377218638458e-20,0.00962986051417896,-0.577610708100763,4.44007931287949,-0.000117849661377951,0.000123805161959475,-0.468917374818902,3.93847795491831,5252.458725
"GBR_R",0.53344308692147,-4.94092981571254e-19,0.00962904436390235,-0.572156838894671,4.42594773926844,0.00030843108615409,0.000120355340473261,-0.401929489566969,3.91144559426339,5268.445598
"IRN_R",0.535518345082456,-8.76592961464412e-19,0.00964022520725087,-0.573604609042894,4.42044052462216,2.78778393926465e-05,0.000129883020479518,-0.385580007918341,3.71349803152829,5253.061864
"MEX_R",0.534072498761399,4.61274043987808e-20,0.00963238532508329,-0.570456583617899,4.42056795715396,9.22074492225487e-05,0.000121951384411192,-0.323542188134946,3.8924432180734,5208.400241
"PER_R",0.535057320074412,-1.17651440724559e-19,0.00963718065394109,-0.571924765887977,4.42251720965306,-0.000194648512259712,0.000123060457174965,-0.414141118403292,3.86283738767055,5303.465317
"SAU_R",0.531544197464257,3.87194552329635e-19,0.00999198804247176,-0.587536422719575,4.73210974085877,0.000157137844022446,0.000133657662841666,-0.4427969366934,4.11238883072265,5301.707242
"TUR_R",0.533934968451585,-7.18958694331324e-19,0.00963263213344548,-0.573911036303255,4.43161324422861,-3.78306656987894e-05,0.000123789834973047,-0.418053319780224,4.04066136952805,5252.546155
"AUS_R",0.5353597011321,-1.40119348562745e-19,0.00963856932462485,-0.572379731743586,4.42089329315651,0.000318166156098045,0.000122740546402474,-0.359177187954374,3.92778246357048,5310.772572
"CHE_R",0.535329237332552,1.83533376232186e-19,0.00963842819283098,-0.572563461818661,4.42250230933853,0.000308529187624995,0.000127280030872644,-0.400207595554886,3.93671726572082,5327.384405
"DNK_R",0.535329902728131,-2.55258403426804e-19,0.00963862539360877,-0.572232883521287,4.42141419237374,-0.00011271355942585,0.0001268582756606,-0.435812057289279,3.92710869379151,5330.203894
"GRC_R",0.534918727496954,-1.96726991122469e-19,0.00963657628115887,-0.572063605938703,4.4226587765439,-0.000177360205444918,0.000126557146691109,-0.431339805683019,3.79596066302645,5325.502315
"ISL_R",0.535495640943367,1.10810572938683e-19,0.00963950650299972,-0.572193293140581,4.42055726478116,-4.58782407246257e-05,0.00012904969726453,-0.381441621713477,3.79224073246753,5335.636739
"MLT_R",0.53548393774625,-6.98529408162801e-19,0.0096394691457619,-0.572220539198994,4.42068897411714,4.94163730638411e-05,0.000128828778241224,-0.454944865418439,3.84824323537652,5335.535398
"PHL_R",0.53440567781178,-1.08879624948756e-19,0.00963519685515892,-0.572229213060786,4.42451065703743,0.000447894678499174,0.000123268901806711,-0.364812625955521,3.90443119525396,5227.859155
"SGP_R",0.53533699589692,-9.25735228895793e-19,0.00963828427061792,-0.571665598011114,4.41933378660124,-0.000297323080259371,0.000126392388341152,-0.383551301395254,3.86702446480837,5330.171433
"TWN_R",0.535110332381379,-7.09756183836578e-19,0.00963753002699846,-0.572608615534312,4.42050761370658,0.000121577973164246,0.000127403969126942,-0.427533403669308,3.89123725767755,5312.379743
"AUT_R",0.535290208477395,-1.00595929854422e-19,0.00963825172029721,-0.57236106650184,4.42257824918838,0.000113004641763255,0.000126528718257261,-0.374651944069862,3.7260149205232,5327.020668
"CHL_R",0.535206724223587,1.73943240490392e-19,0.00963797290949861,-0.572401888478585,4.42161029953165,-0.000363051965198873,0.000128890403071513,-0.499130401776812,3.81705364887608,5317.023732
"EGY_R",0.534280970190503,-4.98744484535837e-19,0.00963457542818385,-0.575926216528194,4.43304377422099,9.21368082328571e-05,0.00012767214701175,-0.471136953122868,3.84375331508445,5235.587697
"HKG_R",0.535219289048416,-7.18650029782748e-19,0.00963850970024268,-0.572576732338373,4.42034212426052,-4.31127809295778e-05,0.000128385261204363,-0.39037583206373,3.7726543214575,5328.539616
"ISR_R",0.535308565972422,-3.84064837371984e-19,0.00963861271445275,-0.571662789667425,4.41995236058505,-0.000153029298931467,0.000126436883030304,-0.403216306036889,3.68598962946412,5327.456393
"MYS_R",0.535197048126615,-2.55258403426804e-19,0.00963849402468954,-0.571533806267283,4.41896465893025,-0.000260950665583724,0.000123870821590098,-0.428587597933857,3.83727239093132,5304.025993
"POL_R",0.535993999632258,3.25820554880277e-20,0.0100112006390275,-0.584198253227982,4.70720363467738,8.50539602180356e-05,0.000133275400072613,-0.517286824074225,4.13223735265621,5298.088002
"SVK_R",0.651896182050242,5.94358712141153e-21,0.00715758659386984,-1.38378995715488,8.73644091698774,0.000104301002216813,8.17558285472557e-05,-0.781145420135997,5.30391447719722,5330.518757
"URY_R",0.535377044255257,2.6516438196249e-19,0.00963893244010936,-0.572441211797784,4.42090929866409,-0.000331859104185696,0.000115095232892561,-0.41323099518714,3.84820494425488,5332.514036
"BEL_R",0.53514018010838,-4.24758310066769e-19,0.00963785703908529,-0.572238306044835,4.42143840885117,7.81303762694816e-05,0.000128070180944654,-0.431915146179867,4.00961447835101,5324.436442
"CHN_R",0.55013521128448,-2.93662015865876e-19,0.0099309634021694,-0.58933061012814,4.10562525262281,-0.000403434335679699,0.000133515812062186,-0.45398921007719,3.71182483403716,3902.192084
"ESP_R",0.534432489645696,-3.53492690572356e-19,0.00963372048959805,-0.566061604498654,4.41129309645509,4.84147939031905e-05,0.000132296943257766,-0.458984582409099,3.98281770484511,5289.238994
"HUN_R",0.53126883793081,2.29133179600262e-19,0.00998566698548913,-0.586054236734098,4.72455623136459,9.53641289317006e-05,0.000134285034256369,-0.379701736617848,3.96227091620063,5326.291091
"ITA_R",0.533714032289585,-4.15807038158073e-19,0.00963197984580857,-0.571846910595678,4.42818248877239,-0.00021081002329662,0.00012397683768688,-0.440571198899149,3.86933747636235,5275.425695
"NAM_R",0.535517261587633,-3.85672764322704e-19,0.00963963396308465,-0.572202895154358,4.42068443653965,0.000213397978349447,0.000126911002368379,-0.426509648469184,3.81845954573328,5333.48124
"PRT_R",0.534821229083838,-8.69328577204909e-19,0.00963683975549369,-0.570594092622278,4.41975520141705,0.000168582431238099,0.000125910043324708,-0.341543248370739,3.85810729662291,5325.749583
"SVN_R",0.651948210488786,1.41045342208472e-19,0.00715781546506007,-1.3836434916704,8.73512332029458,0.000237365776852127,8.66981995306365e-05,-0.898134961833647,5.42339637064865,5333.897116
"USA_R",0.525497316361514,-4.54770553731771e-19,0.00959403633318998,-0.571106337903505,4.4388418131307,8.90165034921214e-06,0.000124414679411523,-0.421541660277512,3.91345727848964,5006.910853
"BGR_R",0.531348249362751,7.88889160197014e-21,0.00998690250616393,-0.5860489332397,4.72610311525137,5.25373633592608e-05,0.000136496788466881,-0.449874376282115,3.94894097498472,5328.975651
"COL_R",0.5349297333438,-5.29223314146361e-19,0.00963610781588992,-0.571822655082582,4.4211475032093,0.000144797033661567,0.000121450197866325,-0.406646564611443,3.91069285275987,5285.636327
"EST_R",0.651926360471769,-1.36770697122965e-19,0.00715757863771746,-1.38372212599487,8.73631631583434,5.84010026646396e-05,9.02474093827288e-05,-0.875356082481763,5.42903849337567,5334.650122
"IDN_R",0.530404655051118,-3.12878178576044e-19,0.00961792887591213,-0.564821056315133,4.4309094588646,-0.000284823617701203,0.000121355755820364,-0.440473011601091,3.83768572626142,5065.350202
"JPN_R",0.531889969424317,-4.31347939266595e-19,0.00962397823264973,-0.564864632651164,4.42888111202914,0.000219784550000369,0.000127405409779931,-0.403203497817847,3.90853337104595,5209.115469
"NLD_R",0.535141306771388,-4.61676025725488e-19,0.00963782197524386,-0.572082149585388,4.4221216253914,-6.89103068975332e-05,0.000127503307849477,-0.454460280352075,3.86474722570896,5318.87864
"PRY_R",0.535425681034905,-6.04135482261156e-19,0.00963921852939898,-0.572204184166267,4.42081290836514,-0.000163981397985892,0.000119805531085008,-0.420367818240376,3.83390956911111,5328.931134
"SWE_R",0.535303000381592,-5.61123436329395e-19,0.00963852864755319,-0.57251150934922,4.42141800243804,-0.000308980326904193,0.000125312087272784,-0.459801211400193,4.02494403796406,5325.939391
"ZAF_R",0.534621986906294,-8.07265468205243e-19,0.0096348001239611,-0.572727608481176,4.42530192905593,-5.23197805013014e-05,0.000127407404167299,-0.402862898050692,3.74911201111487,5277.4175
"BOL_R",0.535350212469191,-3.36573566363217e-19,0.00963887248508507,-0.572189618375814,4.4208826218202,0.00017960822810566,0.000125816165484166,-0.428191475006591,3.94027417738418,5324.46267
"CYP_R",0.535450581470952,-2.99282581948081e-19,0.00964039257063674,-0.571631843049606,4.42078416285236,0.000141115018080231,0.000127765534788342,-0.402375488884637,3.90324076827972,5335.107275
"FIN_R",0.535267435494271,-3.98751527287935e-19,0.00963829080200984,-0.572099924903939,4.42157619051564,0.000402014539548551,0.000125296112266337,-0.404139621399478,3.95099137880467,5330.443614
"IND_R",0.52295511617114,-7.7097225988899e-19,0.00960614642561592,-0.497730981569311,4.33688884956577,6.34897502006183e-05,0.000118890871487464,-0.389996582878131,3.96156966842407,3969.558016
"KOR_R",0.534408478095032,-6.76499373288873e-19,0.0096335133592962,-0.573335296757496,4.42703799863977,0.000247957621601938,0.000125523451504894,-0.358078500727227,3.82383980362855,5284.750462
"NOR_R",0.535359680588973,-1.76857608088572e-19,0.00963883804778273,-0.57232275683811,4.42143277588448,-0.000107464317876442,0.000123571555178267,-0.461695700049172,3.92441472911271,5330.596913
"QAT_R",0.531453706150873,7.90324809260157e-20,0.00998925696017418,-0.586184660624051,4.72683472871299,0.00032459801967098,0.000134633908443119,-0.421074495325556,4.09563781603392,5333.143703
"THA_R",0.534942087403261,-6.28441020900165e-19,0.00963747209895996,-0.571036303643142,4.42091616043516,0.000188670947079663,0.000122617190590688,-0.432092231154214,3.80452057423126,5266.350188
"AGO_D",0.442693292996967,-4.48424984872679e-19,0.0157630133199894,-0.627134151951185,4.07613857197817,-0.00028594407173041,0.00030659094481622,-0.490746853202345,3.61318079539569,83.517045
"BRA_D",0.442693292996967,-4.48424984872679e-19,0.0157630133199894,-0.627134151951185,4.07613857197817,-0.000105275473278923,0.000296204643720089,-0.483721675534104,3.84288890554397,83.517045
"CZE_D",0.442693292996967,-4.48424984872679e-19,0.0157630133199894,-0.627134151951185,4.07613857197817,0.00017356572816329,0.000294912373334487,-0.520561088116213,3.91819074486059,83.517045
"FRA_D",0.442693292996967,-4.48424984872679e-19,0.0157630133199894,-0.627134151951185,4.07613857197817,0.000462866336812339,0.000291279980478426,-0.460405319085723,3.76520546509634,83.517045
"IRL_D",0.442693292996967,-4.48424984872679e-19,0.0157630133199894,-0.627134151951185,4.07613857197817,0.000127040231326962,0.0002849979172511,-0.483710167127612,3.88319031555816,83.517045
"LUX_D",0.442693292996967,-4.48424984872679e-19,0.0157630133199894,-0.627134151951185,4.07613857197817,0.000141193741643624,0.000301661268571929,-0.517496252190673,3.85186830241887,83.517045
"NZL_D",0.442693292996967,-4.48424984872679e-19,0.0157630133199894,-0.627134151951185,4.07613857197817,0.000313533764663721,0.000298940315379649,-0.516665434672152,3.87839674956245,83.517045
"ROU_D",0.442693292996967,-4.48424984872679e-19,0.0157630133199894,-0.627134151951185,4.07613857197817,0.000369405359148623,0.000300570176742674,-0.507005552174787,3.77596717934302,83.517045
"TUN_D",0.442693292996967,-4.48424984872679e-19,0.0157630133199894,-0.627134151951185,4.07613857197817,-0.000574263779653829,0.000307846903195717,-0.5121459641279,3.7463436080809,83.517045
"ARG_D",0.442693292996967,-4.48424984872679e-19,0.0157630133199894,-0.627134151951185,4.07613857197817,-0.000527312316326439,0.000312897540414275,-0.495634924682007,3.90288573448078,83.517045
"CAN_D",0.442693292996967,-4.48424984872679e-19,0.0157630133199894,-0.627134151951185,4.07613857197817,0.000307618673902893,0.000286773869424052,-0.497553100519969,3.79088364766732,83.517045
"DEU_D",0.442693292996967,-4.48424984872679e-19,0.0157630133199894,-0.627134151951185,4.07613857197817,-0.000109908557852264,0.000301280798214959,-0.465068852755709,3.71235894668103,83.517045
"GBR_D",0.442693292996967,-4.48424984872679e-19,0.0157630133199894,-0.627134151951185,4.07613857197817,0.000213341291975513,0.000299678663600485,-0.499332890484081,3.84976637176393,83.517045
"IRN_D",0.442693292996967,-4.48424984872679e-19,0.0157630133199894,-0.627134151951185,4.07613857197817,-0.000204520768051662,0.000288902254468812,-0.453962088775376,3.83129191071354,83.517045
"MEX_D",0.442693292996967,-4.48424984872679e-19,0.0157630133199894,-0.627134151951185,4.07613857197817,0.000169022242280819,0.000304507054406636,-0.478747489922623,3.75015932827996,83.517045
"PER_D",0.442693292996967,-4.48424984872679e-19,0.0157630133199894,-0.627134151951185,4.07613857197817,-3.90943039585409e-05,0.000297706032012039,-0.48988536653943,3.71459357355283,83.517045
"SAU_D",0.442693292996967,-4.48424984872679e-19,0.0157630133199894,-0.627134151951185,4.07613857197817,-0.000441332353209589,0.000311618748235359,-0.453654618566564,3.65051095288282,83.517045
"TUR_D",0.442693292996967,-4.48424984872679e-19,0.0157630133199894,-0.627134151951185,4.07613857197817,-0.000580165272456292,0.000296741967392918,-0.433667878716021,3.64201482784421,83.517045
"AUS_D",0.442693292996967,-4.48424984872679e-19,0.0157630133199894,-0.627134151951185,4.07613857197817,0.000312858358924042,0.000293870841174342,-0.519207177425427,3.78125247881751,83.517045
"CHE_D",0.442693292996967,-4.48424984872679e-19,0.0157630133199894,-0.627134151951185,4.07613857197817,-5.12475720428176e-05,0.000298454389863441,-0.529673394266725,3.86534223128177,83.517045
"DNK_D",0.442693292996967,-4.48424984872679e-19,0.0157630133199894,-0.627134151951185,4.07613857197817,3.72248253340006e-06,0.000300603665414834,-0.493835388722982,3.74146007418662,83.517045
"GRC_D",0.442693292996967,-4.48424984872679e-19,0.0157630133199894,-0.627134151951185,4.07613857197817,0.000203993812372743,0.000301490287534756,-0.512483122960942,3.82524405603696,83.517045
"ISL_D",0.442693292996967,-4.48424984872679e-19,0.0157630133199894,-0.627134151951185,4.07613857197817,0.000708449436177313,0.000285478811584455,-0.422821696242707,3.66058825196189,83.517045
"MLT_D",0.442693292996967,-4.48424984872679e-19,0.0157630133199894,-0.627134151951185,4.07613857197817,0.000162179365891588,0.000301263674891015,-0.530900695515404,3.90255136105719,83.517045
"PHL_D",0.442693292996967,-4.48424984872679e-19,0.0157630133199894,-0.627134151951185,4.07613857197817,0.000122843153783895,0.000302081449799943,-0.492568484385037,3.7500852497358,83.517045
"SGP_D",0.442693292996967,-4.48424984872679e-19,0.0157630133199894,-0.627134151951185,4.07613857197817,0.000305505542864813,0.000302524606031593,-0.501065824930996,3.80005470044348,83.517045
"TWN_D",0.442693292996967,-4.48424984872679e-19,0.0157630133199894,-0.627134151951185,4.07613857197817,0.000133924844292996,0.000300042315107732,-0.455049314483508,3.7468404868372,83.517045
"AUT_D",0.442693292996967,-4.48424984872679e-19,0.0157630133199894,-0.627134151951185,4.07613857197817,-0.000405683505306153,0.000308864319664925,-0.533095275326008,3.75447155508938,83.517045
"CHL_D",0.442693292996967,-4.48424984872679e-19,0.0157630133199894,-0.627134151951185,4.07613857197817,0.000146539648906724,0.000301047595450216,-0.45963634114431,3.62325226311216,83.517045
"EGY_D",0.442693292996967,-4.48424984872679e-19,0.0157630133199894,-0.627134151951185,4.07613857197817,-7.04470706672685e-05,0.00030494498810281,-0.56638362039255,3.8432417140338,83.517045
"HKG_D",0.442693292996967,-4.48424984872679e-19,0.0157630133199894,-0.627134151951185,4.07613857197817,-0.000155928811037375,0.000287921337627611,-0.488557238852128,3.79571248464052,83.517045
"ISR_D",0.442693292996967,-4.48424984872679e-19,0.0157630133199894,-0.627134151951185,4.07613857197817,-2.07145475727087e-05,0.000298095056862079,-0.509500493610308,3.75618001244109,83.517045
"MYS_D",0.442693292996967,-4.48424984872679e-19,0.0157630133199894,-0.627134151951185,4.07613857197817,0.000176262823435836,0.000301036083681989,-0.495557558091908,3.83908130364323,83.517045
"POL_D",0.442693292996967,-4.48424984872679e-19,0.0157630133199894,-0.627134151951185,4.07613857197817,-0.000581892272937728,0.000302977691056887,-0.478881248379139,3.74091289964998,83.517045
"SVK_D",0.442693292996967,-4.48424984872679e-19,0.0157630133199894,-0.627134151951185,4.07613857197817,0.000234833178377319,0.000286068517927496,-0.498497343652935,3.77175196691656,83.517045
"URY_D",0.442693292996967,-4.48424984872679e-19,0.0157630133199894,-0.627134151951185,4.07613857197817,-0.000377035420738912,0.00029308085054482,-0.470975900962711,3.75294462115718,83.517045
"BEL_D",0.442693292996967,-4.48424984872679e-19,0.0157630133199894,-0.627134151951185,4.07613857197817,-0.000395641961045124,0.000298202698705054,-0.477756082778978,3.8090299245064,83.517045
"CHN_D",0.442693292996967,-4.48424984872679e-19,0.0157630133199894,-0.627134151951185,4.07613857197817,0.000152865306929897,0.000301563952167879,-0.532564719868847,3.97122437758688,83.517045
"ESP_D",0.442693292996967,-4.48424984872679e-19,0.0157630133199894,-0.627134151951185,4.07613857197817,-0.000346161428497682,0.000296682065898201,-0.508872005775971,3.77706515101256,83.517045
"HUN_D",0.442693292996967,-4.48424984872679e-19,0.0157630133199894,-0.627134151951185,4.07613857197817,0.000175529999646166,0.000304061924398259,-0.487422952719626,3.8217162719536,83.517045
"ITA_D",0.442693292996967,-4.48424984872679e-19,0.0157630133199894,-0.627134151951185,4.07613857197817,2.02572952714423e-05,0.000299451300049346,-0.54009295825773,3.79940440661357,83.517045
"NAM_D",0.442693292996967,-4.48424984872679e-19,0.0157630133199894,-0.627134151951185,4.07613857197817,-0.0001450063552762,0.000294990147592959,-0.554327565010872,3.93054034646865,83.517045
"PRT_D",0.442693292996967,-4.48424984872679e-19,0.0157630133199894,-0.627134151951185,4.07613857197817,-0.000105060631393577,0.000301855068524923,-0.509739698857173,3.8296540091294,83.517045
"SVN_D",0.442693292996967,-4.48424984872679e-19,0.0157630133199894,-0.627134151951185,4.07613857197817,-0.000323004866031742,0.000306423145113838,-0.515504551804709,3.80563887636292,83.517045
"USA_D",0.442693292996967,-4.48424984872679e-19,0.0157630133199894,-0.627134151951185,4.07613857197817,-0.000386672870634167,0.00029778965957591,-0.496301410545283,3.79719847758329,83.517045
"BGR_D",0.442693292996967,-4.48424984872679e-19,0.0157630133199894,-0.627134151951185,4.07613857197817,-0.000485069969314268,0.000293582342434536,-0.539191581743103,3.89726590824286,83.517045
"COL_D",0.442693292996967,-4.48424984872679e-19,0.0157630133199894,-0.627134151951185,4.07613857197817,0.000234652510656249,0.000298214805322026,-0.510532491061879,3.73003984355612,83.517045
"EST_D",0.442693292996967,-4.48424984872679e-19,0.0157630133199894,-0.627134151951185,4.07613857197817,2.05004001793817e-05,0.00029290130871612,-0.439792318979228,3.72216754079327,83.517045
"IDN_D",0.442693292996967,-4.48424984872679e-19,0.0157630133199894,-0.627134151951185,4.07613857197817,0.00028961418194468,0.000290653214713394,-0.485763530588199,3.84191213110443,83.517045
"JPN_D",0.442693292996967,-4.48424984872679e-19,0.0157630133199894,-0.627134151951185,4.07613857197817,4.15420381058318e-06,0.000296727883776538,-0.52994432475835,3.82668130680888,83.517045
"NLD_D",0.442693292996967,-4.48424984872679e-19,0.0157630133199894,-0.627134151951185,4.07613857197817,-0.00043062739739016,0.00030454710054471,-0.551212817398597,3.93947309219943,83.517045
"PRY_D",0.442693292996967,-4.48424984872679e-19,0.0157630133199894,-0.627134151951185,4.07613857197817,0.00033864414859494,0.000292399211041637,-0.535509478941357,3.96820008206867,83.517045
"SWE_D",0.442693292996967,-4.48424984872679e-19,0.0157630133199894,-0.627134151951185,4.07613857197817,7.27494110836917e-05,0.000297296179723874,-0.547640372187707,3.92762991237991,83.517045
"ZAF_D",0.442693292996967,-4.48424984872679e-19,0.0157630133199894,-0.627134151951185,4.07613857197817,0.000255207622374331,0.000309118898757692,-0.498359780311944,3.70898313997962,83.517045
"BOL_D",0.442693292996967,-4.48424984872679e-19,0.0157630133199894,-0.627134151951185,4.07613857197817,-0.000276449095814303,0.000313422710712288,-0.57553541065652,3.85998107459475,83.517045
"CYP_D",0.442693292996967,-4.48424984872679e-19,0.0157630133199894,-0.627134151951185,4.07613857197817,0.000335297076893572,0.000294150690231635,-0.489066759417671,3.75386393796279,83.517045
"FIN_D",0.442693292996967,-4.48424984872679e-19,0.0157630133199894,-0.627134151951185,4.07613857197817,-0.000470583700817626,0.000313082289184878,-0.523372098236647,3.78949328966257,83.517045
"IND_D",0.442693292996967,-4.48424984872679e-19,0.0157630133199894,-0.627134151951185,4.07613857197817,5.14179963735604e-05,0.00030181697522433,-0.559671287696817,3.88594243918549,83.517045
"KOR_D",0.442693292996967,-4.48424984872679e-19,0.0157630133199894,-0.627134151951185,4.07613857197817,-0.000179185179980501,0.000296721721216781,-0.463228910356244,3.73256167997071,83.517045
"NOR_D",0.442693292996967,-4.48424984872679e-19,0.0157630133199894,-0.627134151951185,4.07613857197817,-0.000412733892108493,0.000303326606002607,-0.506286440136779,3.82714805965617,83.517045
"QAT_D",0.442693292996967,-4.48424984872679e-19,0.0157630133199894,-0.627134151951185,4.07613857197817,0.000182281518885724,0.00029306697281358,-0.480043419735705,3.72664896192018,83.517045
"THA_D",0.442693292996967,-4.48424984872679e-19,0.0157630133199894,-0.627134151951185,4.07613857197817,4.57991760782173e-05,0.000284840298944248,-0.466588592364433,3.77047409470635,83.517045
"AGO_U",0.590297657263751,-5.54703393175153e-19,0.0157276479885201,-0.788604059315003,3.65908193009718,-0.000122277892299845,0.00036327245950967,-0.548316327777017,3.35831519485898,329.064917
"BRA_U",0.590297657263751,-5.54703393175153e-19,0.0157276479885201,-0.788604059315003,3.65908193009718,-0.000445351224687301,0.000368219312866291,-0.562190169992632,3.41800001936315,329.064917
"CZE_U",0.590297657263751,-5.54703393175153e-19,0.0157276479885201,-0.788604059315003,3.65908193009718,0.000380625854906464,0.000369604061790617,-0.549970069358089,3.39246364261722,329.064917
"FRA_U",0.590297657263751,-5.54703393175153e-19,0.0157276479885201,-0.788604059315003,3.65908193009718,-0.000948384557642935,0.00037549264512174,-0.512574106052326,3.31536574505671,329.064917
"IRL_U",0.590297657263751,-5.54703393175153e-19,0.0157276479885201,-0.788604059315003,3.65908193009718,-0.000624134456129129,0.000369650213364003,-0.511079597744572,3.31455002732343,329.064917
"LUX_U",0.590297657263751,-5.54703393175153e-19,0.0157276479885201,-0.788604059315003,3.65908193009718,-0.000329144402803871,0.000386858484591716,-0.542781158923344,3.3388102573895,329.064917
"NZL_U",0.590297657263751,-5.54703393175153e-19,0.0157276479885201,-0.788604059315003,3.65908193009718,0.00018051411540402,0.000372405973829616,-0.555373709192498,3.38725370582345,329.064917
"ROU_U",0.590297657263751,-5.54703393175153e-19,0.0157276479885201,-0.788604059315003,3.65908193009718,0.000181616540533527,0.000364438339684659,-0.557316293431352,3.49108128567147,329.064917
"TUN_U",0.590297657263751,-5.54703393175153e-19,0.0157276479885201,-0.788604059315003,3.65908193009718,-0.000244298944936864,0.000356993155054882,-0.46699739212743,3.26697221972771,329.064917
"ARG_U",0.590297657263751,-5.54703393175153e-19,0.0157276479885201,-0.788604059315003,3.65908193009718,0.000325624115491867,0.000367018033688142,-0.522368159782261,3.33663481718439,329.064917
"CAN_U",0.590297657263751,-5.54703393175153e-19,0.0157276479885201,-0.788604059315003,3.65908193009718,-0.000639198864141677,0.00037370496753661,-0.505138882298554,3.21966864955333,329.064917
"DEU_U",0.590297657263751,-5.54703393175153e-19,0.0157276479885201,-0.788604059315003,3.65908193009718,-0.000329917325312227,0.000373544839709834,-0.544116163047829,3.36254210747526,329.064917
"GBR_U",0.590297657263751,-5.54703393175153e-19,0.0157276479885201,-0.788604059315003,3.65908193009718,0.000965822744703592,0.000370147863137174,-0.53791927922876,3.37176441991985,329.064917
"IRN_U",0.590297657263751,-5.54703393175153e-19,0.0157276479885201,-0.788604059315003,3.65908193009718,0.000138415268670283,0.000367398854106867,-0.574251215790538,3.46631672524777,329.064917
"MEX_U",0.590297657263751,-5.54703393175153e-19,0.0157276479885201,-0.788604059315003,3.65908193009718,0.000283299313322031,0.000366596327587528,-0.560735384837205,3.53239606381775,329.064917
"PER_U",0.590297657263751,-5.54703393175153e-19,0.0157276479885201,-0.788604059315003,3.65908193009718,0.000104764474624044,0.000369333664431543,-0.520155181842647,3.37643279751668,329.064917
"SAU_U",0.590297657263751,-5.54703393175153e-19,0.0157276479885201,-0.788604059315003,3.65908193009718,-0.000497579404040179,0.000367712727806942,-0.544206978186258,3.39137385877651,329.064917
"TUR_U",0.590297657263751,-5.54703393175153e-19,0.0157276479885201,-0.788604059315003,3.65908193009718,-3.21923871270665e-05,0.000370599527417123,-0.549523222935051,3.37704733143814,329.064917
"AUS_U",0.590297657263751,-5.54703393175153e-19,0.0157276479885201,-0.788604059315003,3.65908193009718,-5.93718354984422e-05,0.000349579778775024,-0.568776985107381,3.46911918058304,329.064917
"CHE_U",0.590297657263751,-5.54703393175153e-19,0.0157276479885201,-0.788604059315003,3.65908193009718,-0.00048378712725956,0.000368735091757386,-0.536561067094904,3.32804707158353,329.064917
"DNK_U",0.590297657263751,-5.54703393175153e-19,0.0157276479885201,-0.788604059315003,3.65908193009718,-0.000207235121623864,0.000355480660707791,-0.510167029245799,3.26967312020371,329.064917
"GRC_U",0.590297657263751,-5.54703393175153e-19,0.0157276479885201,-0.788604059315003,3.65908193009718,-0.000723616305411152,0.000379818841651654,-0.543244244349471,3.39241930251548,329.064917
"ISL_U",0.590297657263751,-5.54703393175153e-19,0.0157276479885201,-0.788604059315003,3.65908193009718,-5.7960467240882e-06,0.000373882728039539,-0.539357562693042,3.45452283309969,329.064917
"MLT_U",0.590297657263751,-5.54703393175153e-19,0.0157276479885201,-0.788604059315003,3.65908193009718,-0.00021581124116129,0.000354494785781844,-0.559751387333655,3.49526170501071,329.064917
"PHL_U",0.590297657263751,-5.54703393175153e-19,0.0157276479885201,-0.788604059315003,3.65908193009718,5.39673867101867e-05,0.000372845321872044,-0.499619044301186,3.29750335363694,329.064917
"SGP_U",0.590297657263751,-5.54703393175153e-19,0.0157276479885201,-0.788604059315003,3.65908193009718,0.00034718852500933,0.000370781911900196,-0.565945359816339,3.4403785319823,329.064917
"TWN_U",0.590297657263751,-5.54703393175153e-19,0.0157276479885201,-0.788604059315003,3.65908193009718,-0.000305164105702074,0.000377678414994854,-0.529937095154058,3.36491233634197,329.064917
"AUT_U",0.590297657263751,-5.54703393175153e-19,0.0157276479885201,-0.788604059315003,3.65908193009718,-5.34391864303695e-05,0.000361933674786068,-0.487918411797839,3.19944712304979,329.064917
"CHL_U",0.590297657263751,-5.54703393175153e-19,0.0157276479885201,-0.788604059315003,3.65908193009718,-0.000569293207059143,0.000368396993662891,-0.578584102306103,3.49817715022699,329.064917
"EGY_U",0.590297657263751,-5.54703393175153e-19,0.0157276479885201,-0.788604059315003,3.65908193009718,5.89004427909882e-05,0.000361516304927086,-0.582551030169041,3.39460562912418,329.064917
"HKG_U",0.590297657263751,-5.54703393175153e-19,0.0157276479885201,-0.788604059315003,3.65908193009718,6.12638535915051e-06,0.000361057167318514,-0.537238425109258,3.49504091940671,329.064917
"ISR_U",0.590297657263751,-5.54703393175153e-19,0.0157276479885201,-0.788604059315003,3.65908193009718,-0.000120006826021064,0.000367198863198731,-0.54952334265724,3.41337042092697,329.064917
"MYS_U",0.590297657263751,-5.54703393175153e-19,0.0157276479885201,-0.788604059315003,3.65908193009718,-0.000558053604399792,0.000379314736444649,-0.542613922468353,3.38693818356799,329.064917
"POL_U",0.590297657263751,-5.54703393175153e-19,0.0157276479885201,-0.788604059315003,3.65908193009718,-0.000406252099429677,0.000363052982690595,-0.533664012505691,3.28897370447883,329.064917
"SVK_U",0.590297657263751,-5.54703393175153e-19,0.0157276479885201,-0.788604059315003,3.65908193009718,3.63153783847536e-05,0.00037056005279946,-0.505085877409556,3.29076932404128,329.064917
"URY_U",0.590297657263751,-5.54703393175153e-19,0.0157276479885201,-0.788604059315003,3.65908193009718,5.32745126093243e-05,0.000384052272044964,-0.59529374779199,3.586310787877,329.064917
"BEL_U",0.590297657263751,-5.54703393175153e-19,0.0157276479885201,-0.788604059315003,3.65908193009718,-0.000118196270103796,0.000355760876001377,-0.501404554340938,3.41480841973386,329.064917
"CHN_U",0.590297657263751,-5.54703393175153e-19,0.0157276479885201,-0.788604059315003,3.65908193009718,-0.000128319078239908,0.000367026493287652,-0.524907436916457,3.3117252183148,329.064917
"ESP_U",0.590297657263751,-5.54703393175153e-19,0.0157276479885201,-0.788604059315003,3.65908193009718,0.000529873278069954,0.000364333655430103,-0.5229732265587,3.40505262667886,329.064917
"HUN_U",0.590297657263751,-5.54703393175153e-19,0.0157276479885201,-0.788604059315003,3.65908193009718,0.000511088891546446,0.000366928322783266,-0.541950624768708,3.3805422899271,329.064917
"ITA_U",0.590297657263751,-5.54703393175153e-19,0.0157276479885201,-0.788604059315003,3.65908193009718,0.00105283989462922,0.00035718474363442,-0.519268606024341,3.47424368759655,329.064917
"NAM_U",0.590297657263751,-5.54703393175153e-19,0.0157276479885201,-0.788604059315003,3.65908193009718,0.000404931170442582,0.000369519486893742,-0.535700026965996,3.35648706411052,329.064917
"PRT_U",0.590297657263751,-5.54703393175153e-19,0.0157276479885201,-0.788604059315003,3.65908193009718,-0.000460012847451293,0.000362524350620301,-0.548805790259584,3.42104547267717,329.064917
"SVN_U",0.590297657263751,-5.54703393175153e-19,0.0157276479885201,-0.788604059315003,3.65908193009718,0.000161647804116484,0.000375036336345431,-0.522745552531354,3.28947311452529,329.064917
"USA_U",0.590297657263751,-5.54703393175153e-19,0.0157276479885201,-0.788604059315003,3.65908193009718,-4.19826914250577e-05,0.000364905561101789,-0.527574102341029,3.34805660919542,329.064917
"BGR_U",0.590297657263751,-5.54703393175153e-19,0.0157276479885201,-0.788604059315003,3.65908193009718,0.000591005897016695,0.000367255878855912,-0.549429624764342,3.37803524956607,329.064917
"COL_U",0.590297657263751,-5.54703393175153e-19,0.0157276479885201,-0.788604059315003,3.65908193009718,0.000114901118517901,0.000366299817441716,-0.546285104884778,3.3405972531116,329.064917
"EST_U",0.590297657263751,-5.54703393175153e-19,0.0157276479885201,-0.788604059315003,3.65908193009718,0.000431958249486402,0.000361149022457317,-0.536681334447145,3.35266634919444,329.064917
"IDN_U",0.590297657263751,-5.54703393175153e-19,0.0157276479885201,-0.788604059315003,3.65908193009718,0.000151678929135257,0.000367591132381168,-0.484079460431707,3.25267367029368,329.064917
"JPN_U",0.590297657263751,-5.54703393175153e-19,0.0157276479885201,-0.788604059315003,3.65908193009718,0.000220310972933019,0.000364296881860256,-0.559205880397677,3.57050076588532,329.064917
"NLD_U",0.590297657263751,-5.54703393175153e-19,0.0157276479885201,-0.788604059315003,3.65908193009718,-0.000265733116968067,0.000370412201103766,-0.571366570676569,3.52820240501314,329.064917
"PRY_U",0.590297657263751,-5.54703393175153e-19,0.0157276479885201,-0.788604059315003,3.65908193009718,6.45637852104009e-05,0.000360275184396772,-0.510747742991238,3.36323736528019,329.064917
"SWE_U",0.590297657263751,-5.54703393175153e-19,0.0157276479885201,-0.788604059315003,3.65908193009718,1.32718867589729e-05,0.000365935567603831,-0.526720189769019,3.29857236888111,329.064917
"ZAF_U",0.590297657263751,-5.54703393175153e-19,0.0157276479885201,-0.788604059315003,3.65908193009718,-0.000245211188251953,0.000370654779417303,-0.51000480784049,3.29418595069878,329.064917
"BOL_U",0.590297657263751,-5.54703393175153e-19,0.0157276479885201,-0.788604059315003,3.65908193009718,-0.000583004823955211,0.000374520635860883,-0.525816225226803,3.28719232813086,329.064917
"CYP_U",0.590297657263751,-5.54703393175153e-19,0.0157276479885201,-0.788604059315003,3.65908193009718,0.00055277952732737,0.000360670838217241,-0.545363864657626,3.46373261074039,329.064917
"FIN_U",0.590297657263751,-5.54703393175153e-19,0.0157276479885201,-0.788604059315003,3.65908193009718,0.000106510575085653,0.000370729175557733,-0.532374599213256,3.33317831722109,329.064917
"IND_U",0.590297657263751,-5.54703393175153e-19,0.0157276479885201,-0.788604059315003,3.65908193009718,4.44061699304351e-06,0.00035774835677091,-0.53545956968985,3.35074471294083,329.064917
"KOR_U",0.590297657263751,-5.54703393175153e-19,0.0157276479885201,-0.788604059315003,3.65908193009718,-0.00122204885045552,0.00037156433647357,-0.550754039882842,3.36938336273545,329.064917
"NOR_U",0.590297657263751,-5.54703393175153e-19,0.0157276479885201,-0.788604059315003,3.65908193009718,-0.000211283093494666,0.000371974000153202,-0.486601381489106,3.20101419527183,329.064917
"QAT_U",0.590297657263751,-5.54703393175153e-19,0.0157276479885201,-0.788604059315003,3.65908193009718,0.000915180185316838,0.000362273984067498,-0.539221609832336,3.51393145148918,329.064917
"THA_U",0.590297657263751,-5.54703393175153e-19,0.0157276479885201,-0.788604059315003,3.65908193009718,5.60340719338163e-05,0.000376398388186068,-0.495305513075741,3.29384746432963,329.064917
