Country,p1,p2,p3,mu1,mu2,mu3,sig1,sig2,sig3
AGO,0.3890102790467406,0.4313676879401055,0.17962203301315394,0.006541827241076542,0.012835508908847975,-0.04499262999004769,0.0050315941040187375,0.003928833786113405,0.003928833786113405
BRA,0.25060412198449183,0.3012489512901567,0.4481469267253515,0.029937536242100275,-0.011539825335534003,-0.008986184749134042,0.004126000660029994,0.0008575697391713547,0.0008575697391713547
CZE,0.24709171407287153,0.30437047685019364,0.44853780907693486,0.005573791488210361,-0.007178150941546723,0.0017956807735945068,1.4163497489114929e-08,0.03609590346977193,0.03609590346977193
FRA,0.24872811934019234,0.3022660000879857,0.449005880571822,0.010375034755881975,-0.005128177718989048,-0.0023009919576037546,0.0015178977015543969,0.016410873069706008,0.016410873069706008
IRL,0.14162353420806026,0.2997711611120022,0.5586053046799375,0.019098094779505363,0.02445892228685719,-0.017968594108482523,0.06111945163096443,1.0154657415246779e-08,1.0154657415246779e-08
LUX,0.2337807129659348,0.3093320207406126,0.45688726629345255,0.01247479185431792,0.021900470335067937,-0.021213683060491893,0.032556653960257025,0.00014758338095272297,0.00014758338095272297
NZL,0.30297956635414935,0.3198837338993713,0.37713669974647934,0.034377153472782015,-0.023521998021439377,-0.003578703789527016,0.011981389582480252,0.01996782294707813,0.01996782294707813
ROU,0.25731104103895175,0.30697715306300094,0.43571180589804737,0.03526928105135885,-0.01314186671569503,-0.01156885835083369,1.0146494090720914e-08,0.015629515950470504,0.015629515950470504
TUN,0.21255111709210653,0.30091803970404907,0.48653084320384443,0.014618170586027225,-0.0008760284563733795,-0.0058441088158652675,0.05443016274952358,0.02200770788806633,0.02200770788806633
ARG,0.2533998439355571,0.29215626145865675,0.45444389460578616,0.02378588034775465,0.01256400386691596,-0.02134051311682492,0.0005988049276056024,0.02565220468475532,0.02565220468475532
CAN,0.25374874267105946,0.30382377746251155,0.44242747986642894,0.004952701655134822,-0.01142668274916662,0.0050064038300768575,0.008560679057094971,0.02200302322625514,0.02200302322625514
DEU,0.24971188370389355,0.3024566889998607,0.4478314272962457,-0.009907988417285579,-0.008143664069343108,0.011025537670238575,0.0003406458596859377,0.02420780545352981,0.02420780545352981
GBR,0.24996481085802644,0.2999059482287733,0.4501292409132003,0.019269480158494265,-0.004380686601935679,-0.007785780576398469,0.011625042056819029,0.001294085296212228,0.001294085296212228
IRN,0.3693594964452695,0.3893162604766558,0.24132424307807465,0.01851831631009223,0.018919653408084644,-0.05886559210350616,0.0016262899775282514,0.0032461579258357643,0.0032461579258357643
MEX,0.2541427354361036,0.30415850403694106,0.44169876052695534,0.01291955647980951,0.002654824297601741,-0.0092619270968892,0.0005261977149606298,0.02244820354906879,0.02244820354906879
PER,0.1379919238580934,0.2250754152772336,0.636932660864673,0.06882847155477415,-0.03299901822940633,-0.003234045626521803,0.0016306853551689854,0.044378206339229086,0.044378206339229086
SAU,0.24554227648760293,0.2955687938795801,0.4588889296328169,0.05618071527394186,-0.013291738081630927,-0.02149983648365542,0.00632167117261502,0.023918671384479857,0.023918671384479857
TUR,0.24218342872364212,0.3054672191453566,0.45234935213100125,0.04418718038284088,-0.018052851137261003,-0.011465936664259638,0.0027914474964111586,0.00722474184746106,0.00722474184746106
AUS,0.2487965648792972,0.30311944363661497,0.44808399148408784,-0.009000405815923082,-0.00912267230540674,0.011171270061505034,5.033016760703732e-05,0.02531356773292141,0.02531356773292141
CHE,0.2508574158541002,0.30494750357984796,0.44419508056605184,-0.007426026577345011,-0.012106064126428045,0.012507414936121865,0.008198342781082881,0.025223744609272392,0.025223744609272392
DNK,0.2534488128955759,0.3037939145083432,0.4427572725960809,0.016338050673952085,-0.010377511203119909,-0.0022333988273702332,0.0015828246486081275,0.01125889366517696,0.01125889366517696
GRC,0.2549724201175769,0.3049089162643485,0.4401186636180745,0.015618782658839227,0.01336957601707377,-0.018311010048143853,0.0016714416944634488,0.02496699294804216,0.02496699294804216
ISL,0.2515278598330455,0.3022518031900791,0.44622033697687535,0.04447236695100152,0.0004842682703774121,-0.025401838095865943,1.0000002734953259e-08,0.0003656090663799174,0.0003656090663799174
MLT,0.19740241351838228,0.3030543543710815,0.4995432321105362,0.04642323566727026,-0.037922423599168885,0.004728175241081889,0.002750071462293571,0.009145209359943687,0.009145209359943687
PHL,0.23147833856696678,0.28567496406940374,0.4828466973636295,0.022428104530112812,-0.01738070965493496,-0.00046815048075430146,0.00023124133910779897,0.0374377788589931,0.0374377788589931
SGP,0.2525707933059222,0.30659045605513907,0.44083875063893874,0.022185896797300562,0.005809903009734976,-0.016751586424712465,0.0004480806364467276,0.020346095161322707,0.020346095161322707
TWN,0.24561763554376403,0.30040150328805,0.4539808611681859,0.029565160893949713,-0.003889598483351661,-0.013403022029250557,0.00020552992711641893,0.0012711827354317344,0.0012711827354317344
AUT,0.2467908776886344,0.30029652445840993,0.4529125978529557,0.01593616788396477,-0.005953327067673157,-0.00472345777538582,0.003610801551668594,0.005982246698633221,0.005982246698633221
CHL,0.2554986343665272,0.30008054355336045,0.44442082208011235,0.026226934856246498,0.0003594005614820513,-0.015320381102831427,0.0009515959172603452,0.01788701855405947,0.01788701855405947
EGY,0.2638971703811601,0.30063439548125725,0.4354684341375826,0.025872733919826293,-0.011250648246025985,-0.007912260259659189,0.04049217853074361,0.026343064965439,0.026343064965439
HKG,0.24733034392489056,0.3026524703934925,0.45001718568161686,0.039094547964504026,-0.00978112403250408,-0.014907614387239624,0.0060915160658459,0.0006819896099192686,0.0006819896099192686
ISR,0.2654187606457919,0.296966015055527,0.43761522429868105,0.013261879461334185,0.010231744571307462,-0.014986761000972104,0.0010359604963893787,0.018121079622068697,0.018121079622068697
MYS,0.2505875803288802,0.30036352721607024,0.44904889245504953,0.01874558017888008,-0.003831139533259185,-0.007898668963008225,0.002163644464765262,0.012709636766383956,0.012709636766383956
POL,0.2881993716527897,0.33631359909349456,0.3754870292537158,0.0157759770808767,0.010042445964306541,-0.021103625404357805,0.0019941144067206463,0.0006229652981425917,0.0006229652981425917
SVK,0.08343223515741155,0.2943687226433361,0.6221990421992524,-0.03139687621858728,0.01621138435441867,-0.0034596437536459925,0.05784829787171131,0.023674782511675298,0.023674782511675298
URY,0.26020422455921766,0.29785680192075303,0.4419389735200293,0.04070891696814463,-0.013870903755870906,-0.014600591922116516,0.003335370454979798,0.03678184682728373,0.03678184682728373
BEL,0.2591590745607953,0.3043063574426607,0.436534567996544,0.0166798709945323,-0.013954552057642807,-0.00015814478500885586,0.004141732327264338,0.012183184422519231,0.012183184422519231
CHN,0.3123842140342023,0.35537017072483373,0.33224561524096397,0.02715971357775491,0.0005583096154173897,-0.026133111875504968,1.0591701144333705e-08,0.005451499605647517,0.005451499605647517
ESP,0.26020821284567747,0.30509873363902135,0.4346930535153012,0.013625317003462685,-0.0014489133945682347,-0.00714047238096355,0.0013454220445979484,0.003584838758026807,0.003584838758026807
HUN,0.24362600178068375,0.29427939837502026,0.462094599844296,0.010253303364163175,-0.016349688902212025,0.005005318814733926,0.0014091662319660873,0.03664587896491374,0.03664587896491374
ITA,0.28675237750600213,0.30295129441899354,0.41029632807500427,0.017521702943836513,-0.010461408172800786,-0.004509182377190032,0.014248098886114164,0.020558833780188357,0.020558833780188357
NAM,0.25669809929408705,0.3092175781961487,0.43408432250976425,-0.028075572845911428,-0.0014703489111370603,0.017645549541483146,0.008224249691179492,0.0021326132706958253,0.0021326132706958253
PRT,0.2427253542020915,0.29918741822304007,0.4580872275748684,-0.014854028027960535,0.025787474256295694,-0.008975304552863956,0.03200344568561699,0.005270511499111952,0.005270511499111952
SVN,0.25285297068118423,0.30508949749295566,0.44205753182586016,0.006617343257700577,-0.009446525413196927,0.002735431806150163,0.0067190236470517205,0.032899827228175624,0.032899827228175624
USA,0.2527379411790653,0.30248367646190416,0.44477838235903056,-0.008826436566584153,-0.012611610239270854,0.013595265985711813,0.004292180803401956,0.018507019277732507,0.018507019277732507
BGR,0.29091198872534,0.3167623386698317,0.3923256726048283,0.015127589798472426,-0.007770906426416779,-0.0049354396706867525,0.001386847366699543,0.00010434646974143025,0.00010434646974143025
COL,0.2532703367436955,0.3020271632329719,0.44470250002333267,-0.01242716550623563,-0.004994207588540278,0.010469141568308294,0.011849989984335481,0.02067340375075835,0.02067340375075835
EST,0.37726697972183226,0.40769663427964303,0.2150363859985247,0.01278737313949173,0.005189790812439601,-0.032274221265542136,0.004951586631581307,0.0023692382260967126,0.0023692382260967126
IDN,0.25658102706157654,0.20707563240263502,0.5363433405357885,0.01839421979968215,-0.017371703448885424,-0.0020934690564091024,0.0017486946073008416,0.050987054108573994,0.050987054108573994
JPN,0.23615083421462624,0.2965065803608724,0.46734258542450136,-0.015550837027298542,0.02214150280417623,-0.006190916160524717,0.024221698726863274,0.0032338089854044697,0.0032338089854044697
NLD,0.25348304062971244,0.30002643448445426,0.4464905248858333,0.013106505847195105,0.009140174200761294,-0.013581657618137385,0.00785969372109043,0.012995599237458058,0.012995599237458058
PRY,0.32764298873931313,0.2948513605774753,0.3775056506832115,0.027643467349742733,0.004395663659416639,-0.02756987704352459,0.021875760630180797,0.002435769984607952,0.002435769984607952
SWE,0.2503887565983084,0.3041546730522928,0.4454565703493988,-0.0073965262427976375,-0.010267647588566995,0.011163628363858848,0.001245319472733238,0.021491564848587264,0.021491564848587264
ZAF,0.24100621148519918,0.3060720934697805,0.45292169504502033,0.005738817094801632,0.01281664401018489,-0.011635139904855379,0.01929938551670255,1.0574008690932633e-08,1.0574008690932633e-08
BOL,0.3244940186535423,0.3710312835207211,0.30447469782573655,0.021744992737393144,-0.007613561664732791,-0.013899070750561668,0.0007705457887260838,0.0019102593549370202,0.0019102593549370202
CYP,0.34265626596108245,0.36891391939908297,0.2884298146398345,0.015878398834259372,0.012826853915519966,-0.03526949323607179,0.0028627791711347875,0.002522222470345461,0.002522222470345461
FIN,0.24793906766470006,0.2955977619497699,0.4564631703855301,0.017885829121305506,0.00785668023705769,-0.014803246520278637,7.901057285592234e-06,0.023326680766303617,0.023326680766303617
IND,0.25059197169561764,0.3032005789404573,0.446207449363925,0.01654274314195921,-0.010253362020660125,-0.002356578083425191,0.002728490032008506,0.0015492125913198315,0.0015492125913198315
KOR,0.2564476830238779,0.30729975675742777,0.4362525602186944,0.024473702331121387,-0.02120485587086617,0.0005509498133353272,0.002218825748689337,0.03787969877243077,0.03787969877243077
NOR,0.24843266359150465,0.30192886887862685,0.44963846752986847,0.013117836898121609,-0.00034075489305248447,-0.00705327992957653,0.006325389328523168,0.013480001755667421,0.013480001755667421
QAT,0.17324570098383776,0.3090679428608492,0.517686356155313,0.04740351804877173,0.006033387791190671,-0.01946555010786897,0.05399136801728834,0.0015173112726924443,0.0015173112726924443
THA,0.14070540422153258,0.30841633156014875,0.5508782642183186,0.014011395541413344,0.03214760173590898,-0.021577340409794178,0.08663309176321041,0.0036014103917450845,0.0036014103917450845
AGO_A,0.251513763225428,0.2965894879663858,0.4518967488081862,0.0029316991343373263,-0.007782081271832103,0.003473785094652348,0.007889171326206453,0.015676399981926555,0.015676399981926555
BRA_A,0.251513763225428,0.2965894879663858,0.4518967488081862,0.0029316991343373263,-0.007782081271832103,0.003473785094652348,0.007889171326206453,0.015676399981926555,0.015676399981926555
CZE_A,0.24876437639195176,0.30294746374205866,0.4482881598659896,0.000489864826832075,-0.009093994298693009,0.005876721761570502,0.0034152875527134977,0.01472318089521842,0.01472318089521842
FRA_A,0.25318304542444187,0.30548598841849506,0.441330966157063,0.0015821509357851124,-0.008512888655160943,0.004983009024047458,0.006456612337244914,0.015423492824415849,0.015423492824415849
IRL_A,0.25177024606072057,0.30656403375501456,0.44166572018426487,0.0021629424711572414,-0.009160504879993562,0.005125660552591023,1.0345913711101036e-08,0.014534746655281386,0.014534746655281386
LUX_A,0.2511112608363926,0.30147689284552,0.4474118463180874,0.006657005201474314,-0.006084876577337635,0.0003646589920345884,0.0006803669030113735,0.01624663265600552,0.01624663265600552
NZL_A,0.2527310525419822,0.30318265689602886,0.4440862905619889,0.007843045664875536,-0.00581889566461882,-0.0004900620187325583,0.0013319814883413009,0.016474871414691644,0.016474871414691644
ROU_A,0.251513763225428,0.2965894879663858,0.4518967488081862,0.0029316991343373263,-0.007782081271832103,0.003473785094652348,0.007889171326206453,0.015676399981926555,0.015676399981926555
TUN_A,0.251513763225428,0.2965894879663858,0.4518967488081862,0.0029316991343373263,-0.007782081271832103,0.003473785094652348,0.007889171326206453,0.015676399981926555,0.015676399981926555
ARG_A,0.251513763225428,0.2965894879663858,0.4518967488081862,0.0029316991343373263,-0.007782081271832103,0.003473785094652348,0.007889171326206453,0.015676399981926555,0.015676399981926555
CAN_A,0.24904528175528848,0.3025247977697511,0.44842992047496044,0.011175554414808504,-0.006421648345380941,-0.001875740689815089,0.00010395547885441775,0.0163884451231437,0.0163884451231437
DEU_A,0.257977229892103,0.3043874012891505,0.43763536881874654,0.0059864401531430095,-0.006746477698288488,0.0011631483723894753,1.18027535612643e-08,0.01535371469955244,0.01535371469955244
GBR_A,0.25551781007907803,0.3070726805290207,0.43740950939190126,0.005490496580358099,-0.008051618821536457,0.002444076306213879,1.1204253189812571e-08,0.015280019387408117,0.015280019387408117
IRN_A,0.251513763225428,0.2965894879663858,0.4518967488081862,0.0029316991343373263,-0.007782081271832103,0.003473785094652348,0.007889171326206453,0.015676399981926555,0.015676399981926555
MEX_A,0.251513763225428,0.2965894879663858,0.4518967488081862,0.0029316991343373263,-0.007782081271832103,0.003473785094652348,0.007889171326206453,0.015676399981926555,0.015676399981926555
PER_A,0.251513763225428,0.2965894879663858,0.4518967488081862,0.0029316991343373263,-0.007782081271832103,0.003473785094652348,0.007889171326206453,0.015676399981926555,0.015676399981926555
SAU_A,0.251513763225428,0.2965894879663858,0.4518967488081862,0.0029316991343373263,-0.007782081271832103,0.003473785094652348,0.007889171326206453,0.015676399981926555,0.015676399981926555
TUR_A,0.251513763225428,0.2965894879663858,0.4518967488081862,0.0029316991343373263,-0.007782081271832103,0.003473785094652348,0.007889171326206453,0.015676399981926555,0.015676399981926555
AUS_A,0.2534802753874013,0.30672770448404224,0.43979202012855645,0.005778918853968025,-0.006861784197373341,0.0014557711799818333,0.0028653585698817023,0.016142545488195943,0.016142545488195943
CHE_A,0.24901479293194614,0.3034260146698794,0.44755919239817443,0.007586845662418314,-0.0065329347321944325,0.00021146173069712962,0.004716714591491672,0.016093030236150076,0.016093030236150076
DNK_A,0.25069520604924816,0.3035373969338855,0.4457673970168663,0.008498852762214935,-0.00561250985411987,-0.0009605276055651642,1.011765210360345e-08,0.016563274824456863,0.016563274824456863
GRC_A,0.25312190005605384,0.3028464375967105,0.4440316623472357,0.003192556847751916,-0.008428945515741635,0.0039281493129689465,0.002171963678506032,0.015197419710066922,0.015197419710066922
ISL_A,0.25267772591405874,0.29968823696457203,0.4476340371213692,0.004112311712783291,-0.007858964514865452,0.0029396493899058324,0.002523114453723172,0.015377654899660368,0.015377654899660368
MLT_A,0.25561177410808245,0.3021350620519632,0.4422531638399543,0.003518454757109599,-0.008084226554380465,0.00348928864612013,0.0033862859241696594,0.015268829894154201,0.015268829894154201
PHL_A,0.251513763225428,0.2965894879663858,0.4518967488081862,0.0029316991343373263,-0.007782081271832103,0.003473785094652348,0.007889171326206453,0.015676399981926555,0.015676399981926555
SGP_A,0.25492616821480923,0.30319454623307623,0.44187928555211453,0.008187446985288376,-0.006161303009335169,-0.000498405331487352,0.0029844683281773955,0.016345322730042796,0.016345322730042796
TWN_A,0.25421409426919633,0.3046593403183791,0.44112656541242456,0.00393321138721393,-0.00794430427786481,0.0032195678025815377,1.1364864278189463e-08,0.0152626448202047,0.0152626448202047
AUT_A,0.24969516373981804,0.3019777221931784,0.44832711406700354,0.008887420946863178,-0.005815985918447181,-0.0010369389199081178,0.0002116333524803207,0.016576188936606312,0.016576188936606312
CHL_A,0.251513763225428,0.2965894879663858,0.4518967488081862,0.0029316991343373263,-0.007782081271832103,0.003473785094652348,0.007889171326206453,0.015676399981926555,0.015676399981926555
EGY_A,0.251513763225428,0.2965894879663858,0.4518967488081862,0.0029316991343373263,-0.007782081271832103,0.003473785094652348,0.007889171326206453,0.015676399981926555,0.015676399981926555
HKG_A,0.25098821939812715,0.3035827315615058,0.44542904904036706,0.007294455066053094,-0.006223627319673904,0.00013281520076992382,0.0025552633881459072,0.016287009690016615,0.016287009690016615
ISR_A,0.24922997053956691,0.3019383194176511,0.448831710042782,0.006822289032110445,-0.006089690831782998,0.00030728931559551086,0.0013619074641349387,0.016300395363333296,0.016300395363333296
MYS_A,0.251513763225428,0.2965894879663858,0.4518967488081862,0.0029316991343373263,-0.007782081271832103,0.003473785094652348,0.007889171326206453,0.015676399981926555,0.015676399981926555
POL_A,0.251513763225428,0.2965894879663858,0.4518967488081862,0.0029316991343373263,-0.007782081271832103,0.003473785094652348,0.007889171326206453,0.015676399981926555,0.015676399981926555
SVK_A,0.24923220044576072,0.30173488088741063,0.4490329186668287,0.005657951666243017,-0.006717133143648409,0.0013744596004572126,0.001491356414322489,0.015877494070644725,0.015877494070644725
URY_A,0.251513763225428,0.2965894879663858,0.4518967488081862,0.0029316991343373263,-0.007782081271832103,0.003473785094652348,0.007889171326206453,0.015676399981926555,0.015676399981926555
BEL_A,0.24864503255998122,0.3014233192612017,0.44993164817881715,0.006330700141707078,-0.006475074021996478,0.0008395098211260698,0.0029741578004885204,0.016140545150262805,0.016140545150262805
CHN_A,0.251513763225428,0.2965894879663858,0.4518967488081862,0.0029316991343373263,-0.007782081271832103,0.003473785094652348,0.007889171326206453,0.015676399981926555,0.015676399981926555
ESP_A,0.25368861663623704,0.31197951702896193,0.43433186633480103,0.003454677167793317,-0.008235569000056044,0.003897698468659144,0.0019899768762763467,0.015142940588827465,0.015142940588827465
HUN_A,0.251513763225428,0.2965894879663858,0.4518967488081862,0.0029316991343373263,-0.007782081271832103,0.003473785094652348,0.007889171326206453,0.015676399981926555,0.015676399981926555
ITA_A,0.24842865327004204,0.30109695972405615,0.4504743870059018,0.010861716698258583,-0.006524599332331837,-0.001632735817895569,0.0031367225092550715,0.01622801984299791,0.01622801984299791
NAM_A,0.251513763225428,0.2965894879663858,0.4518967488081862,0.0029316991343373263,-0.007782081271832103,0.003473785094652348,0.007889171326206453,0.015676399981926555,0.015676399981926555
PRT_A,0.24956194623715952,0.3021758841329223,0.44826216962991816,0.009688850177075537,-0.00604771861141483,-0.0013208028571317784,0.0014959715744910435,0.01647169326300061,0.01647169326300061
SVN_A,0.25019894395732023,0.30226471334480315,0.4475363426978767,0.009184896485491477,-0.00595731536080036,-0.001109208829050068,0.0017272061621741452,0.016480307869643666,0.016480307869643666
USA_A,0.2489108671972373,0.3008024604288289,0.4502866723739338,0.010359135236278506,-0.00595098289509657,-0.0017515864846405227,0.0020910510730144374,0.01731760027790279,0.01731760027790279
BGR_A,0.251513763225428,0.2965894879663858,0.4518967488081862,0.0029316991343373263,-0.007782081271832103,0.003473785094652348,0.007889171326206453,0.015676399981926555,0.015676399981926555
COL_A,0.251513763225428,0.2965894879663858,0.4518967488081862,0.0029316991343373263,-0.007782081271832103,0.003473785094652348,0.007889171326206453,0.015676399981926555,0.015676399981926555
EST_A,0.25420221682020183,0.3010362616573988,0.44476152152239945,0.0025986656316287,-0.008769501190186777,0.004451652671905174,0.0031732912932775316,0.014887943165095539,0.014887943165095539
IDN_A,0.251513763225428,0.2965894879663858,0.4518967488081862,0.0029316991343373263,-0.007782081271832103,0.003473785094652348,0.007889171326206453,0.015676399981926555,0.015676399981926555
JPN_A,0.2546133219715837,0.3028305835184683,0.44255609450994804,0.00504448948660506,-0.007893107973016119,0.0024975661641400432,0.005755163884310763,0.015345620151248135,0.015345620151248135
NLD_A,0.2568587921380225,0.30369396900616275,0.4394472388558148,0.0042497686033184595,-0.007790251092708254,0.002900179543076524,0.00233820137582988,0.015369819031512511,0.015369819031512511
PRY_A,0.251513763225428,0.2965894879663858,0.4518967488081862,0.0029316991343373263,-0.007782081271832103,0.003473785094652348,0.007889171326206453,0.015676399981926555,0.015676399981926555
SWE_A,0.2508516588583854,0.3046147628881285,0.44453357825348605,0.005658027407657097,-0.006803662643346314,0.0014707554685004704,0.0037234209548526434,0.015959743185088696,0.015959743185088696
ZAF_A,0.251513763225428,0.2965894879663858,0.4518967488081862,0.0029316991343373263,-0.007782081271832103,0.003473785094652348,0.007889171326206453,0.015676399981926555,0.015676399981926555
BOL_A,0.251513763225428,0.2965894879663858,0.4518967488081862,0.0029316991343373263,-0.007782081271832103,0.003473785094652348,0.007889171326206453,0.015676399981926555,0.015676399981926555
CYP_A,0.2528882213294201,0.30077163690855524,0.44634014176202463,0.003056272032780233,-0.008460086755208313,0.003970019366324822,0.0032398590808372925,0.015084489463023818,0.015084489463023818
FIN_A,0.2545033176251009,0.3021956253899119,0.4433010569849871,0.008837708395042986,-0.005849101537987127,-0.0010873952453415812,0.0014214913799822245,0.016485492216681098,0.016485492216681098
IND_A,0.251513763225428,0.2965894879663858,0.4518967488081862,0.0029316991343373263,-0.007782081271832103,0.003473785094652348,0.007889171326206453,0.015676399981926555,0.015676399981926555
KOR_A,0.25012182564233953,0.30265715731478576,0.44722101704287476,0.00739349091682811,-0.006416712201743125,0.00020699968882419403,0.0028987437778567626,0.016606608514663702,0.016606608514663702
NOR_A,0.2533676658772803,0.3109410581708837,0.435691275951836,0.0030658183034541933,-0.008315700143365964,0.004151096512498039,0.0026843065667125337,0.015068742403366144,0.015068742403366144
QAT_A,0.251513763225428,0.2965894879663858,0.4518967488081862,0.0029316991343373263,-0.007782081271832103,0.003473785094652348,0.007889171326206453,0.015676399981926555,0.015676399981926555
THA_A,0.251513763225428,0.2965894879663858,0.4518967488081862,0.0029316991343373263,-0.007782081271832103,0.003473785094652348,0.007889171326206453,0.015676399981926555,0.015676399981926555
AGO_E,0.402422392440376,0.4461221411234669,0.15145546643615715,0.008200527532719312,-0.0020304773892728546,-0.015806272924505035,0.001664357528157266,0.006789742860976494,0.006789742860976494
BRA_E,0.3973450181516216,0.4310129222376303,0.17164205961074808,0.000768795051024455,0.004766033316504915,-0.013748066911054195,0.0023789141561115384,0.002820918336972515,0.002820918336972515
CZE_E,0.398920029759684,0.4410999235928944,0.1599800466474216,0.007969620391030089,-0.0015754753742715402,-0.015526686753865747,0.001150120976042108,0.0018114971684177615,0.0018114971684177615
FRA_E,0.398920029759684,0.4410999235928944,0.1599800466474216,0.007969620391030089,-0.0015754753742715402,-0.015526686753865747,0.001150120976042108,0.0018114971684177615,0.0018114971684177615
IRL_E,0.398920029759684,0.4410999235928944,0.1599800466474216,0.007969620391030089,-0.0015754753742715402,-0.015526686753865747,0.001150120976042108,0.0018114971684177615,0.0018114971684177615
LUX_E,0.398920029759684,0.4410999235928944,0.1599800466474216,0.007969620391030089,-0.0015754753742715402,-0.015526686753865747,0.001150120976042108,0.0018114971684177615,0.0018114971684177615
NZL_E,0.398920029759684,0.4410999235928944,0.1599800466474216,0.007969620391030089,-0.0015754753742715402,-0.015526686753865747,0.001150120976042108,0.0018114971684177615,0.0018114971684177615
ROU_E,0.4151201116322079,0.45766788370855455,0.12721200465923754,0.01644967083946544,-0.009688467219540038,-0.018821030171079663,1.0000302880182274e-08,0.0019196849588753269,0.0019196849588753269
TUN_E,0.3951170991028134,0.4389481287690393,0.16593477212814722,0.003427537588676045,0.00266299482997569,-0.015206786323884676,0.00044108037879196426,0.0006956909821563832,0.0006956909821563832
ARG_E,0.3890514038565105,0.43372368112597787,0.1772249150175116,0.01110633093154688,-0.004199704568757267,-0.014102014804673168,0.0012007411365709052,0.003518520900530684,0.003518520900530684
CAN_E,0.398920029759684,0.4410999235928944,0.1599800466474216,0.007969620391030089,-0.0015754753742715402,-0.015526686753865747,0.001150120976042108,0.0018114971684177615,0.0018114971684177615
DEU_E,0.398920029759684,0.4410999235928944,0.1599800466474216,0.007969620391030089,-0.0015754753742715402,-0.015526686753865747,0.001150120976042108,0.0018114971684177615,0.0018114971684177615
GBR_E,0.398920029759684,0.4410999235928944,0.1599800466474216,0.007969620391030089,-0.0015754753742715402,-0.015526686753865747,0.001150120976042108,0.0018114971684177615,0.0018114971684177615
IRN_E,0.38867258354059864,0.4222020288933688,0.1891253875660326,0.00839423102378116,-0.005287547793762185,-0.005444558527480458,0.002651936416059724,1.0394822834389825e-08,1.0394822834389825e-08
MEX_E,0.39741740777415746,0.4431333214112987,0.15944927081454385,0.014128397211758143,-0.0059610459916451175,-0.0186479099694742,1.1485965065238702e-08,0.001210263425737724,0.001210263425737724
PER_E,0.39639261270460113,0.4386692033957906,0.16493818389960824,0.002649736887938256,0.0033531307921395425,-0.01529482136668426,0.004237353020929285,0.002213030194663177,0.002213030194663177
SAU_E,0.4161361655728559,0.45645470497369545,0.12740912945344873,0.013528010373992755,-0.007590470625580523,-0.016995843823951803,0.00030227105125154327,0.0005830783856530398,0.0005830783856530398
TUR_E,0.40135353310554794,0.4360885795034378,0.1625578873910143,0.004979407022203105,0.0021424096456975484,-0.018042587928100734,0.002815906710641322,0.002809381542703304,0.002809381542703304
AUS_E,0.398920029759684,0.4410999235928944,0.1599800466474216,0.007969620391030089,-0.0015754753742715402,-0.015526686753865747,0.001150120976042108,0.0018114971684177615,0.0018114971684177615
CHE_E,0.398920029759684,0.4410999235928944,0.1599800466474216,0.007969620391030089,-0.0015754753742715402,-0.015526686753865747,0.001150120976042108,0.0018114971684177615,0.0018114971684177615
DNK_E,0.398920029759684,0.4410999235928944,0.1599800466474216,0.007969620391030089,-0.0015754753742715402,-0.015526686753865747,0.001150120976042108,0.0018114971684177615,0.0018114971684177615
GRC_E,0.398920029759684,0.4410999235928944,0.1599800466474216,0.007969620391030089,-0.0015754753742715402,-0.015526686753865747,0.001150120976042108,0.0018114971684177615,0.0018114971684177615
ISL_E,0.398920029759684,0.4410999235928944,0.1599800466474216,0.007969620391030089,-0.0015754753742715402,-0.015526686753865747,0.001150120976042108,0.0018114971684177615,0.0018114971684177615
MLT_E,0.398920029759684,0.4410999235928944,0.1599800466474216,0.007969620391030089,-0.0015754753742715402,-0.015526686753865747,0.001150120976042108,0.0018114971684177615,0.0018114971684177615
PHL_E,0.4031278534281336,0.44592165425774793,0.1509504923141185,0.011404598893685154,-0.004817635359542668,-0.016226645200525906,1.0000147450989866e-08,0.0019454231264287654,0.0019454231264287654
SGP_E,0.398920029759684,0.4410999235928944,0.1599800466474216,0.007969620391030089,-0.0015754753742715402,-0.015526686753865747,0.001150120976042108,0.0018114971684177615,0.0018114971684177615
TWN_E,0.398920029759684,0.4410999235928944,0.1599800466474216,0.007969620391030089,-0.0015754753742715402,-0.015526686753865747,0.001150120976042108,0.0018114971684177615,0.0018114971684177615
AUT_E,0.398920029759684,0.4410999235928944,0.1599800466474216,0.007969620391030089,-0.0015754753742715402,-0.015526686753865747,0.001150120976042108,0.0018114971684177615,0.0018114971684177615
CHL_E,0.4000904545846757,0.4383663112607355,0.16154323415458882,0.00472238141840901,0.0028868309431081493,-0.019528519348413317,0.0011133458095660205,0.00076504328233983,0.00076504328233983
EGY_E,0.40252263426408663,0.44386911062824186,0.1536082551076715,0.00825902018415225,-0.0017252104323898453,-0.016659594481090178,0.0024062483931951884,0.005373664159718847,0.005373664159718847
HKG_E,0.398920029759684,0.4410999235928944,0.1599800466474216,0.007969620391030089,-0.0015754753742715402,-0.015526686753865747,0.001150120976042108,0.0018114971684177615,0.0018114971684177615
ISR_E,0.398920029759684,0.4410999235928944,0.1599800466474216,0.007969620391030089,-0.0015754753742715402,-0.015526686753865747,0.001150120976042108,0.0018114971684177615,0.0018114971684177615
MYS_E,0.4026922308430725,0.443637729490818,0.15367003966610948,0.009727989730328922,-0.0033201760194819124,-0.015909677099750035,0.0037255542284409986,0.0015959193236239502,0.0015959193236239502
POL_E,0.4054884712025483,0.4489721677307632,0.14553936106668852,0.009632475436441456,-0.0035912321621917767,-0.015756077844559378,0.002736514345041748,0.002549395774137693,0.002549395774137693
SVK_E,0.398920029759684,0.4410999235928944,0.1599800466474216,0.007969620391030089,-0.0015754753742715402,-0.015526686753865747,0.001150120976042108,0.0018114971684177615,0.0018114971684177615
URY_E,0.41559678044358495,0.42117179431264956,0.16323142524376544,0.006862830602056455,-0.0007072528054565519,-0.015657117740534913,0.0017058803508992223,0.0013068166076152827,0.0013068166076152827
BEL_E,0.398920029759684,0.4410999235928944,0.1599800466474216,0.007969620391030089,-0.0015754753742715402,-0.015526686753865747,0.001150120976042108,0.0018114971684177615,0.0018114971684177615
CHN_E,0.22105958789161917,0.2978617854609159,0.4810786266474649,0.01807988991328946,-6.186287659363546e-05,-0.008263238491576971,0.003402822132189273,0.020888082724769344,0.020888082724769344
ESP_E,0.398920029759684,0.4410999235928944,0.1599800466474216,0.007969620391030089,-0.0015754753742715402,-0.015526686753865747,0.001150120976042108,0.0018114971684177615,0.0018114971684177615
HUN_E,0.39803851450070854,0.43973417587661867,0.16222730962267273,0.004204813707958589,0.001905033813739607,-0.015477510084916955,0.0008562648178824499,1.000009793277466e-08,1.000009793277466e-08
ITA_E,0.398920029759684,0.4410999235928944,0.1599800466474216,0.007969620391030089,-0.0015754753742715402,-0.015526686753865747,0.001150120976042108,0.0018114971684177615,0.0018114971684177615
NAM_E,0.3964948615506251,0.44041785568128344,0.16308728276809148,-0.00041300934018731635,0.006060287856064962,-0.015366409474776507,0.0006197639826654713,0.0018245145972493517,0.0018245145972493517
PRT_E,0.398920029759684,0.4410999235928944,0.1599800466474216,0.007969620391030089,-0.0015754753742715402,-0.015526686753865747,0.001150120976042108,0.0018114971684177615,0.0018114971684177615
SVN_E,0.398920029759684,0.4410999235928944,0.1599800466474216,0.007969620391030089,-0.0015754753742715402,-0.015526686753865747,0.001150120976042108,0.0018114971684177615,0.0018114971684177615
USA_E,0.398920029759684,0.4410999235928944,0.1599800466474216,0.007969620391030089,-0.0015754753742715402,-0.015526686753865747,0.001150120976042108,0.0018114971684177615,0.0018114971684177615
BGR_E,0.4028194562610222,0.44851977637462326,0.14866076736435452,0.011565160228165287,-0.00497205451707439,-0.016336838398993515,1.1023756497868425e-08,0.0016565860048726715,0.0016565860048726715
COL_E,0.3954725043748666,0.4372650135469333,0.16726248207820005,0.003382122278935389,0.0026068960513990157,-0.014812515231721014,0.003231373557321844,0.0010773087374064318,0.0010773087374064318
EST_E,0.398920029759684,0.4410999235928944,0.1599800466474216,0.007969620391030089,-0.0015754753742715402,-0.015526686753865747,0.001150120976042108,0.0018114971684177615,0.0018114971684177615
IDN_E,0.3982743018190636,0.4420741812153936,0.1596515169655428,0.007228140408807276,-0.0011503727383951872,-0.014846241391259974,0.00033676109184318354,0.004614550180758473,0.004614550180758473
JPN_E,0.398920029759684,0.4410999235928944,0.1599800466474216,0.007969620391030089,-0.0015754753742715402,-0.015526686753865747,0.001150120976042108,0.0018114971684177615,0.0018114971684177615
NLD_E,0.398920029759684,0.4410999235928944,0.1599800466474216,0.007969620391030089,-0.0015754753742715402,-0.015526686753865747,0.001150120976042108,0.0018114971684177615,0.0018114971684177615
PRY_E,0.4149748428979661,0.451948429170874,0.13307672793115988,0.014762926243604974,-0.008275372629185216,-0.017934333764743432,0.002181697376945608,0.0023572633511298336,0.0023572633511298336
SWE_E,0.398920029759684,0.4410999235928944,0.1599800466474216,0.007969620391030089,-0.0015754753742715402,-0.015526686753865747,0.001150120976042108,0.0018114971684177615,0.0018114971684177615
ZAF_E,0.3921429653697279,0.4325820656385345,0.17527496899173756,0.004006382877710236,0.0023843014543796443,-0.014849364657261657,1.1201878955865525e-08,0.002260195575971023,0.002260195575971023
BOL_E,0.39880424485995747,0.4386211681596768,0.16257458698036575,0.007056446990936717,-0.0005995325550660514,-0.01569265396111772,0.0020177937180747177,0.0013220657357291827,0.0013220657357291827
CYP_E,0.398920029759684,0.4410999235928944,0.1599800466474216,0.007969620391030089,-0.0015754753742715402,-0.015526686753865747,0.001150120976042108,0.0018114971684177615,0.0018114971684177615
FIN_E,0.398920029759684,0.4410999235928944,0.1599800466474216,0.007969620391030089,-0.0015754753742715402,-0.015526686753865747,0.001150120976042108,0.0018114971684177615,0.0018114971684177615
IND_E,0.43786348433451255,0.45362872407327287,0.10850779159221458,0.015943665740739917,-0.0077318172786995255,-0.03201621914241733,0.004475269725513081,0.0029633744347607634,0.0029633744347607634
KOR_E,0.398920029759684,0.4410999235928944,0.1599800466474216,0.007969620391030089,-0.0015754753742715402,-0.015526686753865747,0.001150120976042108,0.0018114971684177615,0.0018114971684177615
NOR_E,0.398920029759684,0.4410999235928944,0.1599800466474216,0.007969620391030089,-0.0015754753742715402,-0.015526686753865747,0.001150120976042108,0.0018114971684177615,0.0018114971684177615
QAT_E,0.40198733493004457,0.4452916467357436,0.1527210183342118,0.010272358884530288,-0.00385792448524086,-0.015787703568752465,0.0013015477472730433,0.0009855259919147705,0.0009855259919147705
THA_E,0.4112342557777222,0.4345598351826688,0.15420590903960907,0.00374767658080917,0.0019821479005657943,-0.015581691189181459,0.0008769359982566615,0.008486579471631705,0.008486579471631705
AGO_R,0.424475466456991,0.4506060132901224,0.12491852025288663,0.0005306428428610466,0.0011483229433846968,-0.005932166262564834,0.0007690981315006307,1.0000000529329572e-08,1.0000000529329572e-08
BRA_R,0.4613702921979613,0.5035534153733344,0.03507629242870425,0.023517296397156228,-0.02062746445213876,-0.013222282573219323,0.0002278004494792783,1.0000008469469485e-08,1.0000008469469485e-08
CZE_R,0.440888057798666,0.4348881195128951,0.1242238226884389,0.0019834030097697097,-0.00029416809078466514,-0.00599722690870526,0.0020503210253923596,1.3966207737449122e-08,1.3966207737449122e-08
FRA_R,0.4423279090882676,0.4390824467229533,0.11858964418877904,-0.004343622330765911,0.005979708740329427,-0.005940575361090277,0.0013856862741850034,1.1049849537434498e-08,1.1049849537434498e-08
IRL_R,0.4430678621181656,0.4339864551213302,0.12294568276050422,0.0011338188332058127,0.0005690113232582665,-0.006073143733851405,1.0151157941846702e-08,0.00421430501511286,0.00421430501511286
LUX_R,0.348694530886542,0.529318226565746,0.12198724254771198,-0.0031900501855114008,0.0034938760248335978,-0.006048666993290889,0.00246853284017849,1.0000004941240962e-08,1.0000004941240962e-08
NZL_R,0.4469886683847453,0.5330984891834748,0.01991284243177982,0.026429361356589062,-0.021499946335936812,-0.017695143788462105,0.0004869511804374119,0.0012145898602987624,0.0012145898602987624
ROU_R,0.4506275700896427,0.4472902856568115,0.10208214425354578,0.010630670618059257,-0.009092118712451726,-0.007087772693941801,0.0008066847769075448,0.0015799267385574187,0.0015799267385574187
TUN_R,0.4304543287057816,0.46013390587788183,0.10941176541633657,0.008984216991337982,-0.00684555573014053,-0.0065434354173107955,0.001858225978212551,0.0023263496443308726,0.0023263496443308726
ARG_R,0.4349438636374807,0.4538277445350991,0.11122839182742017,0.008664372245877374,-0.006775326329638159,-0.006267914138777856,0.000769907755144518,0.0008172957471693967,0.0008172957471693967
CAN_R,0.44155272275636925,0.47394097637436083,0.08450630086926991,0.014291447953603341,-0.011978801410100812,-0.0074873284556233296,0.0042131598110169656,1.0003511721964868e-08,1.0003511721964868e-08
DEU_R,0.4792584113635704,0.4923959885226075,0.028345600113822034,0.024047431228038072,-0.022595448493483467,-0.014143531416312874,0.0013402569889003244,1e-08,1e-08
GBR_R,0.4399063853108814,0.46505852749735244,0.09503508719176623,0.012299195156953664,-0.010152208525855272,-0.007231181289533159,0.0025892119558531324,0.0032880780993997756,0.0032880780993997756
IRN_R,0.42615383487553427,0.454492445658765,0.11935371946570072,0.003079513400822487,-0.0015748837418347924,-0.004994255885854627,0.0012637580902057752,0.006309718349612989,0.006309718349612989
MEX_R,0.44757024594117484,0.42892375724911863,0.12350599680970653,-0.0016378839468489674,0.003601322351394493,-0.006570605661737057,8.777448216595154e-05,1.0855800141634752e-08,1.0855800141634752e-08
PER_R,0.434442170170201,0.45018125086293065,0.11537657896686837,0.00643004929844733,-0.004570004193611547,-0.006374419879936568,0.004730997220134014,1.2450907336855947e-08,1.2450907336855947e-08
SAU_R,0.41688006564558366,0.46443825637898783,0.1186816779754285,0.0067717009860837766,-0.003858402684595349,-0.008691000793943571,0.001387353740677535,0.002498982380892521,0.002498982380892521
TUR_R,0.4508320821128622,0.42566339891861676,0.1235045189685211,0.0004747230968175387,0.001415015839986235,-0.006615909453102713,1.001874689774629e-08,0.0015715410794895337,0.0015715410794895337
AUS_R,0.42882968824289447,0.46707364009559116,0.10409667166151437,0.010677352216338226,-0.008366088925973108,-0.006432306973484762,0.0023017519699033997,1.011443868881552e-08,1.011443868881552e-08
CHE_R,0.43578754184441254,0.48347414993159366,0.08073830822399386,0.015493543064541647,-0.012688520072744163,-0.007624711379210474,1.0780685771538742e-08,1.0531319376738589e-08,1.0531319376738589e-08
DNK_R,0.44106271932211516,0.4857713803103552,0.07316590036752957,0.016690653483399744,-0.0139464193680457,-0.007990129095119921,0.0016124283048213567,0.0015624660337397055,0.0015624660337397055
GRC_R,0.42917765076069264,0.44775916070295657,0.12306318853635079,-0.0018512894664426995,0.0033202190929292018,-0.005629818193546358,0.0013751002665041416,1.0103389373581318e-08,1.0103389373581318e-08
ISL_R,0.4413592695896995,0.4409181249127655,0.117722605497535,-0.003410215934262525,0.005082007488910885,-0.006228177021953454,0.0027363749906820366,0.004391089358119676,0.004391089358119676
MLT_R,0.4655875328388362,0.4436875586676884,0.09072490849347536,-0.010873584418164675,0.012919107860158674,-0.007362127840865379,1.0002268202032244e-08,0.00451004244359756,0.00451004244359756
PHL_R,0.4429055673314785,0.43409005659615413,0.12300437607236736,0.00036471976681639744,0.00139746255473775,-0.00627658821971045,0.0026075904695276333,0.0023471419899102315,0.0023471419899102315
SGP_R,0.45113706741268605,0.44617356365972544,0.10268936892758851,0.01023940752302561,-0.008792144779186129,-0.006805377404314984,0.003395815715696196,0.0009513578893523039,0.0009513578893523039
TWN_R,0.5042544297794044,0.4907374221118777,0.005008148108717858,0.017676163500489957,-0.018340326086737777,0.017315556544635485,0.0067453549888979464,0.029164949477681508,0.029164949477681508
AUT_R,0.44016879460685315,0.4670674016530442,0.09276380374010262,0.01229542403817657,-0.010143952431030574,-0.007267164580800118,0.005674546441502264,0.0017051106899262749,0.0017051106899262749
CHL_R,0.4232095362809303,0.4594230491875516,0.11736741453151811,0.006342917812124971,-0.0043243335416970575,-0.005945747278425898,0.0020924292945530506,0.0017230544182854598,0.0017230544182854598
EGY_R,0.4445528930418092,0.4330203071664106,0.12242679979178017,0.0007348557970537074,0.001030542559353157,-0.00632970018087563,0.004230074303494946,0.00044648757257378604,0.00044648757257378604
HKG_R,0.43613059242601954,0.45532452091993936,0.10854488665404105,0.009385366793699147,-0.007424856609869685,-0.006549238083314946,1.1255108445295483e-08,1.1139632573919695e-08,1.1139632573919695e-08
ISR_R,0.4412871954061067,0.4352749463477957,0.12343785824609754,-0.001569447410628692,0.003303103983102731,-0.006041592467141724,0.0014633992471729186,1.0009723082337976e-08,1.0009723082337976e-08
MYS_R,0.44378082724138906,0.455201376695327,0.10101779606328387,0.01096371375349879,-0.009125725833817613,-0.00704694495493213,0.0027550814576554846,0.0013596616044459385,0.0013596616044459385
POL_R,0.4688348686856299,0.49659178709255797,0.03457334422181213,0.022391906954991422,-0.0203044658504916,-0.012078958164461263,0.0001704191884078308,0.0006306460142314089,0.0006306460142314089
SVK_R,0.44303991353600297,0.43853806920011507,0.1184220172638819,-0.0038072194500260313,0.005509451348658408,-0.0061520247502995385,0.003603569739316529,1.0966193432662442e-08,1.0966193432662442e-08
URY_R,0.4640287813068001,0.5099921339948172,0.025979084698382726,0.024263987923410585,-0.02131886743272068,-0.014914802847961301,0.0013843381751987827,0.0010937837874283624,0.0010937837874283624
BEL_R,0.43664496330707875,0.447501345854018,0.11585369083890318,0.007144526549550056,-0.005349109010344947,-0.0062443108185000415,0.0006225235769209339,1e-08,1e-08
CHN_R,0.2484488314710761,0.29989350927070024,0.45165765925822365,0.011894002292600363,-0.009089607650186519,-0.0005136369069848819,0.001212796300524606,0.016131405357035913,0.016131405357035913
ESP_R,0.45375840586230726,0.4470281626061263,0.09921343153156648,0.010161538993675105,-0.008807196879378839,-0.006804750215441514,0.0014542777790645044,0.0066897859075539705,0.0066897859075539705
HUN_R,0.44154989768196334,0.4472203984310965,0.11122970388694009,-0.006975436194778384,0.008488348917866219,-0.0064466154361769714,1.7320831642454134e-08,1.000156573758333e-08,1.000156573758333e-08
ITA_R,0.4346325742338374,0.4530561713875005,0.11231125437866218,0.00838111347561009,-0.006321334373248751,-0.006934375233864633,0.0010149828786670536,1.0134727658076368e-08,1.0134727658076368e-08
NAM_R,0.27613232242612096,0.703262823014388,0.020604854559491015,-0.037896645370890956,0.014981256490281394,-0.0035041792402555802,0.0006957378086985099,1.0633826987061513e-08,1.0633826987061513e-08
PRT_R,0.44364644697309047,0.4394819778983085,0.11687157512860102,-0.004829103593835926,0.0065534137428788,-0.00632364373381957,0.000816596467824318,0.001658132650104579,0.001658132650104579
SVN_R,0.4413165856967105,0.4348983180252697,0.12378509627801981,0.0008722650094369017,0.0008286731908098375,-0.006034012333105765,0.0016700030958159205,0.002876273844277126,0.002876273844277126
USA_R,0.4249616461764308,0.46066822031484855,0.1143701335087206,0.001855244148825692,0.0014776578676395237,-0.0128489493795172,0.0009393217687842486,0.007803857043832338,0.007803857043832338
BGR_R,0.43439675193653654,0.4474295276352684,0.11817372042819507,0.006331070036206406,-0.004497124239441333,-0.006242433869592317,0.0009160017603898377,1.181464060614273e-08,1.181464060614273e-08
COL_R,0.4456772100625152,0.44876587088687414,0.10555691905061071,0.008111412775926155,-0.006538595368951014,-0.006410279981365437,0.0006142726896222896,0.007820477051572716,0.007820477051572716
EST_R,0.44214847762857556,0.43499351134465436,0.12285801102677008,0.003193947776621514,-0.0015458721229592654,-0.006055905462221796,0.001212798846841352,0.002473661707096788,0.002473661707096788
IDN_R,0.4200391242115085,0.46481380895479885,0.11514706683369269,0.007441070996485773,-0.0046194341360212676,-0.008494075202798528,0.0009674311153224681,0.0026888890157069504,0.0026888890157069504
JPN_R,0.43898534013761326,0.4452470333972758,0.11576762646511096,0.006156759474899793,-0.004444656142553597,-0.006274451520577703,1.0213654105008992e-08,0.0022381311052233187,0.0022381311052233187
NLD_R,0.4767502782311171,0.503975438050587,0.01927428371829598,0.02497537318652578,-0.022996953758880022,-0.016450454719649194,0.0034722385745371087,1.2105369951571232e-08,1.2105369951571232e-08
PRY_R,0.4324001174267525,0.46904982714820875,0.0985500554250387,0.01187071890933209,-0.009524798275694087,-0.006746954765813874,0.0017390966569595428,0.0005385905265582045,0.0005385905265582045
SWE_R,0.4328723849432126,0.555035607733899,0.012092007322888287,0.02897489267030194,-0.02207384467120707,-0.024133975752949906,0.001495511537313257,0.004023584416351391,0.004023584416351391
ZAF_R,0.42194548186012204,0.45981598624806275,0.11823853189181521,0.006255582057757189,-0.004170707493922378,-0.00610976675047097,1.1056871250817475e-08,0.0016594316096034231,0.0016594316096034231
BOL_R,0.4569498212992506,0.4359607781879707,0.10708940051277871,-0.007802683019755773,0.009796643437838726,-0.006598361847755682,1.0196094597609095e-08,1.0001678578225707e-08,1.0001678578225707e-08
CYP_R,0.4387540953992654,0.4376271722953411,0.12361873230539344,-0.0011257354935570885,0.00283741485286984,-0.00604305341446045,0.0008048093901012289,0.001952861633180547,0.001952861633180547
FIN_R,0.46502192649804625,0.4485319650536138,0.08644610844833989,-0.011968843035320934,0.013829193885005038,-0.0073880729994587405,0.0032028088523598525,1.0498474906681455e-08,1.0498474906681455e-08
IND_R,0.43062465013508605,0.45953018788884903,0.10984516197606498,-0.004272280943249702,0.0072043818174445514,-0.013389844848425814,0.0031770414698460607,0.0007748249443315153,0.0007748249443315153
KOR_R,0.42289126519244596,0.45508884384352727,0.12201989096402677,0.004377661816860375,-0.00241887214157501,-0.006157137483344158,1.2210526008315912e-08,1.2299684827953025e-08,1.2299684827953025e-08
NOR_R,0.4265364538701462,0.4509031441527633,0.1225604019770905,0.004216837026519819,-0.0023488007450613697,-0.006066379353729606,0.0009893270973673667,1.00266080119332e-08,1.00266080119332e-08
QAT_R,0.4429754832584738,0.4357280025258318,0.12129651421569432,0.003363284884891685,-0.0017210978797856595,-0.006101896728706091,0.0030949580689201414,0.0030880011731840265,0.0030880011731840265
THA_R,0.4346897367961683,0.4626116116681472,0.10269865153568447,0.009646598795755919,-0.007590815847036988,-0.006645018802649843,0.0030406441817519966,0.005938092961320532,0.005938092961320532
AGO_D,0.24971188370389355,0.3024566889998607,0.4478314272962457,-0.009907988417285579,-0.008143664069343108,0.011025537670238575,0.0003406458596859377,0.02420780545352981,0.02420780545352981
BRA_D,0.24971188370389355,0.3024566889998607,0.4478314272962457,-0.009907988417285579,-0.008143664069343108,0.011025537670238575,0.0003406458596859377,0.02420780545352981,0.02420780545352981
CZE_D,0.24971188370389355,0.3024566889998607,0.4478314272962457,-0.009907988417285579,-0.008143664069343108,0.011025537670238575,0.0003406458596859377,0.02420780545352981,0.02420780545352981
FRA_D,0.24971188370389355,0.3024566889998607,0.4478314272962457,-0.009907988417285579,-0.008143664069343108,0.011025537670238575,0.0003406458596859377,0.02420780545352981,0.02420780545352981
IRL_D,0.24971188370389355,0.3024566889998607,0.4478314272962457,-0.009907988417285579,-0.008143664069343108,0.011025537670238575,0.0003406458596859377,0.02420780545352981,0.02420780545352981
LUX_D,0.24971188370389355,0.3024566889998607,0.4478314272962457,-0.009907988417285579,-0.008143664069343108,0.011025537670238575,0.0003406458596859377,0.02420780545352981,0.02420780545352981
NZL_D,0.24971188370389355,0.3024566889998607,0.4478314272962457,-0.009907988417285579,-0.008143664069343108,0.011025537670238575,0.0003406458596859377,0.02420780545352981,0.02420780545352981
ROU_D,0.24971188370389355,0.3024566889998607,0.4478314272962457,-0.009907988417285579,-0.008143664069343108,0.011025537670238575,0.0003406458596859377,0.02420780545352981,0.02420780545352981
TUN_D,0.24971188370389355,0.3024566889998607,0.4478314272962457,-0.009907988417285579,-0.008143664069343108,0.011025537670238575,0.0003406458596859377,0.02420780545352981,0.02420780545352981
ARG_D,0.24971188370389355,0.3024566889998607,0.4478314272962457,-0.009907988417285579,-0.008143664069343108,0.011025537670238575,0.0003406458596859377,0.02420780545352981,0.02420780545352981
CAN_D,0.24971188370389355,0.3024566889998607,0.4478314272962457,-0.009907988417285579,-0.008143664069343108,0.011025537670238575,0.0003406458596859377,0.02420780545352981,0.02420780545352981
DEU_D,0.24971188370389355,0.3024566889998607,0.4478314272962457,-0.009907988417285579,-0.008143664069343108,0.011025537670238575,0.0003406458596859377,0.02420780545352981,0.02420780545352981
GBR_D,0.24971188370389355,0.3024566889998607,0.4478314272962457,-0.009907988417285579,-0.008143664069343108,0.011025537670238575,0.0003406458596859377,0.02420780545352981,0.02420780545352981
IRN_D,0.24971188370389355,0.3024566889998607,0.4478314272962457,-0.009907988417285579,-0.008143664069343108,0.011025537670238575,0.0003406458596859377,0.02420780545352981,0.02420780545352981
MEX_D,0.24971188370389355,0.3024566889998607,0.4478314272962457,-0.009907988417285579,-0.008143664069343108,0.011025537670238575,0.0003406458596859377,0.02420780545352981,0.02420780545352981
PER_D,0.24971188370389355,0.3024566889998607,0.4478314272962457,-0.009907988417285579,-0.008143664069343108,0.011025537670238575,0.0003406458596859377,0.02420780545352981,0.02420780545352981
SAU_D,0.24971188370389355,0.3024566889998607,0.4478314272962457,-0.009907988417285579,-0.008143664069343108,0.011025537670238575,0.0003406458596859377,0.02420780545352981,0.02420780545352981
TUR_D,0.24971188370389355,0.3024566889998607,0.4478314272962457,-0.009907988417285579,-0.008143664069343108,0.011025537670238575,0.0003406458596859377,0.02420780545352981,0.02420780545352981
AUS_D,0.24971188370389355,0.3024566889998607,0.4478314272962457,-0.009907988417285579,-0.008143664069343108,0.011025537670238575,0.0003406458596859377,0.02420780545352981,0.02420780545352981
CHE_D,0.24971188370389355,0.3024566889998607,0.4478314272962457,-0.009907988417285579,-0.008143664069343108,0.011025537670238575,0.0003406458596859377,0.02420780545352981,0.02420780545352981
DNK_D,0.24971188370389355,0.3024566889998607,0.4478314272962457,-0.009907988417285579,-0.008143664069343108,0.011025537670238575,0.0003406458596859377,0.02420780545352981,0.02420780545352981
GRC_D,0.24971188370389355,0.3024566889998607,0.4478314272962457,-0.009907988417285579,-0.008143664069343108,0.011025537670238575,0.0003406458596859377,0.02420780545352981,0.02420780545352981
ISL_D,0.24971188370389355,0.3024566889998607,0.4478314272962457,-0.009907988417285579,-0.008143664069343108,0.011025537670238575,0.0003406458596859377,0.02420780545352981,0.02420780545352981
MLT_D,0.24971188370389355,0.3024566889998607,0.4478314272962457,-0.009907988417285579,-0.008143664069343108,0.011025537670238575,0.0003406458596859377,0.02420780545352981,0.02420780545352981
PHL_D,0.24971188370389355,0.3024566889998607,0.4478314272962457,-0.009907988417285579,-0.008143664069343108,0.011025537670238575,0.0003406458596859377,0.02420780545352981,0.02420780545352981
SGP_D,0.24971188370389355,0.3024566889998607,0.4478314272962457,-0.009907988417285579,-0.008143664069343108,0.011025537670238575,0.0003406458596859377,0.02420780545352981,0.02420780545352981
TWN_D,0.24971188370389355,0.3024566889998607,0.4478314272962457,-0.009907988417285579,-0.008143664069343108,0.011025537670238575,0.0003406458596859377,0.02420780545352981,0.02420780545352981
AUT_D,0.24971188370389355,0.3024566889998607,0.4478314272962457,-0.009907988417285579,-0.008143664069343108,0.011025537670238575,0.0003406458596859377,0.02420780545352981,0.02420780545352981
CHL_D,0.24971188370389355,0.3024566889998607,0.4478314272962457,-0.009907988417285579,-0.008143664069343108,0.011025537670238575,0.0003406458596859377,0.02420780545352981,0.02420780545352981
EGY_D,0.24971188370389355,0.3024566889998607,0.4478314272962457,-0.009907988417285579,-0.008143664069343108,0.011025537670238575,0.0003406458596859377,0.02420780545352981,0.02420780545352981
HKG_D,0.24971188370389355,0.3024566889998607,0.4478314272962457,-0.009907988417285579,-0.008143664069343108,0.011025537670238575,0.0003406458596859377,0.02420780545352981,0.02420780545352981
ISR_D,0.24971188370389355,0.3024566889998607,0.4478314272962457,-0.009907988417285579,-0.008143664069343108,0.011025537670238575,0.0003406458596859377,0.02420780545352981,0.02420780545352981
MYS_D,0.24971188370389355,0.3024566889998607,0.4478314272962457,-0.009907988417285579,-0.008143664069343108,0.011025537670238575,0.0003406458596859377,0.02420780545352981,0.02420780545352981
POL_D,0.24971188370389355,0.3024566889998607,0.4478314272962457,-0.009907988417285579,-0.008143664069343108,0.011025537670238575,0.0003406458596859377,0.02420780545352981,0.02420780545352981
SVK_D,0.24971188370389355,0.3024566889998607,0.4478314272962457,-0.009907988417285579,-0.008143664069343108,0.011025537670238575,0.0003406458596859377,0.02420780545352981,0.02420780545352981
URY_D,0.24971188370389355,0.3024566889998607,0.4478314272962457,-0.009907988417285579,-0.008143664069343108,0.011025537670238575,0.0003406458596859377,0.02420780545352981,0.02420780545352981
BEL_D,0.24971188370389355,0.3024566889998607,0.4478314272962457,-0.009907988417285579,-0.008143664069343108,0.011025537670238575,0.0003406458596859377,0.02420780545352981,0.02420780545352981
CHN_D,0.24971188370389355,0.3024566889998607,0.4478314272962457,-0.009907988417285579,-0.008143664069343108,0.011025537670238575,0.0003406458596859377,0.02420780545352981,0.02420780545352981
ESP_D,0.24971188370389355,0.3024566889998607,0.4478314272962457,-0.009907988417285579,-0.008143664069343108,0.011025537670238575,0.0003406458596859377,0.02420780545352981,0.02420780545352981
HUN_D,0.24971188370389355,0.3024566889998607,0.4478314272962457,-0.009907988417285579,-0.008143664069343108,0.011025537670238575,0.0003406458596859377,0.02420780545352981,0.02420780545352981
ITA_D,0.24971188370389355,0.3024566889998607,0.4478314272962457,-0.009907988417285579,-0.008143664069343108,0.011025537670238575,0.0003406458596859377,0.02420780545352981,0.02420780545352981
NAM_D,0.24971188370389355,0.3024566889998607,0.4478314272962457,-0.009907988417285579,-0.008143664069343108,0.011025537670238575,0.0003406458596859377,0.02420780545352981,0.02420780545352981
PRT_D,0.24971188370389355,0.3024566889998607,0.4478314272962457,-0.009907988417285579,-0.008143664069343108,0.011025537670238575,0.0003406458596859377,0.02420780545352981,0.02420780545352981
SVN_D,0.24971188370389355,0.3024566889998607,0.4478314272962457,-0.009907988417285579,-0.008143664069343108,0.011025537670238575,0.0003406458596859377,0.02420780545352981,0.02420780545352981
USA_D,0.24971188370389355,0.3024566889998607,0.4478314272962457,-0.009907988417285579,-0.008143664069343108,0.011025537670238575,0.0003406458596859377,0.02420780545352981,0.02420780545352981
BGR_D,0.24971188370389355,0.3024566889998607,0.4478314272962457,-0.009907988417285579,-0.008143664069343108,0.011025537670238575,0.0003406458596859377,0.02420780545352981,0.02420780545352981
COL_D,0.24971188370389355,0.3024566889998607,0.4478314272962457,-0.009907988417285579,-0.008143664069343108,0.011025537670238575,0.0003406458596859377,0.02420780545352981,0.02420780545352981
EST_D,0.24971188370389355,0.3024566889998607,0.4478314272962457,-0.009907988417285579,-0.008143664069343108,0.011025537670238575,0.0003406458596859377,0.02420780545352981,0.02420780545352981
IDN_D,0.24971188370389355,0.3024566889998607,0.4478314272962457,-0.009907988417285579,-0.008143664069343108,0.011025537670238575,0.0003406458596859377,0.02420780545352981,0.02420780545352981
JPN_D,0.24971188370389355,0.3024566889998607,0.4478314272962457,-0.009907988417285579,-0.008143664069343108,0.011025537670238575,0.0003406458596859377,0.02420780545352981,0.02420780545352981
NLD_D,0.24971188370389355,0.3024566889998607,0.4478314272962457,-0.009907988417285579,-0.008143664069343108,0.011025537670238575,0.0003406458596859377,0.02420780545352981,0.02420780545352981
PRY_D,0.24971188370389355,0.3024566889998607,0.4478314272962457,-0.009907988417285579,-0.008143664069343108,0.011025537670238575,0.0003406458596859377,0.02420780545352981,0.02420780545352981
SWE_D,0.24971188370389355,0.3024566889998607,0.4478314272962457,-0.009907988417285579,-0.008143664069343108,0.011025537670238575,0.0003406458596859377,0.02420780545352981,0.02420780545352981
ZAF_D,0.24971188370389355,0.3024566889998607,0.4478314272962457,-0.009907988417285579,-0.008143664069343108,0.011025537670238575,0.0003406458596859377,0.02420780545352981,0.02420780545352981
BOL_D,0.24971188370389355,0.3024566889998607,0.4478314272962457,-0.009907988417285579,-0.008143664069343108,0.011025537670238575,0.0003406458596859377,0.02420780545352981,0.02420780545352981
CYP_D,0.24971188370389355,0.3024566889998607,0.4478314272962457,-0.009907988417285579,-0.008143664069343108,0.011025537670238575,0.0003406458596859377,0.02420780545352981,0.02420780545352981
FIN_D,0.24971188370389355,0.3024566889998607,0.4478314272962457,-0.009907988417285579,-0.008143664069343108,0.011025537670238575,0.0003406458596859377,0.02420780545352981,0.02420780545352981
IND_D,0.24971188370389355,0.3024566889998607,0.4478314272962457,-0.009907988417285579,-0.008143664069343108,0.011025537670238575,0.0003406458596859377,0.02420780545352981,0.02420780545352981
KOR_D,0.24971188370389355,0.3024566889998607,0.4478314272962457,-0.009907988417285579,-0.008143664069343108,0.011025537670238575,0.0003406458596859377,0.02420780545352981,0.02420780545352981
NOR_D,0.24971188370389355,0.3024566889998607,0.4478314272962457,-0.009907988417285579,-0.008143664069343108,0.011025537670238575,0.0003406458596859377,0.02420780545352981,0.02420780545352981
QAT_D,0.24971188370389355,0.3024566889998607,0.4478314272962457,-0.009907988417285579,-0.008143664069343108,0.011025537670238575,0.0003406458596859377,0.02420780545352981,0.02420780545352981
THA_D,0.24971188370389355,0.3024566889998607,0.4478314272962457,-0.009907988417285579,-0.008143664069343108,0.011025537670238575,0.0003406458596859377,0.02420780545352981,0.02420780545352981
AGO_U,0.2527379411790653,0.30248367646190416,0.44477838235903056,-0.008826436566584153,-0.012611610239270854,0.013595265985711813,0.004292180803401956,0.018507019277732507,0.018507019277732507
BRA_U,0.2527379411790653,0.30248367646190416,0.44477838235903056,-0.008826436566584153,-0.012611610239270854,0.013595265985711813,0.004292180803401956,0.018507019277732507,0.018507019277732507
CZE_U,0.2527379411790653,0.30248367646190416,0.44477838235903056,-0.008826436566584153,-0.012611610239270854,0.013595265985711813,0.004292180803401956,0.018507019277732507,0.018507019277732507
FRA_U,0.2527379411790653,0.30248367646190416,0.44477838235903056,-0.008826436566584153,-0.012611610239270854,0.013595265985711813,0.004292180803401956,0.018507019277732507,0.018507019277732507
IRL_U,0.2527379411790653,0.30248367646190416,0.44477838235903056,-0.008826436566584153,-0.012611610239270854,0.013595265985711813,0.004292180803401956,0.018507019277732507,0.018507019277732507
LUX_U,0.2527379411790653,0.30248367646190416,0.44477838235903056,-0.008826436566584153,-0.012611610239270854,0.013595265985711813,0.004292180803401956,0.018507019277732507,0.018507019277732507
NZL_U,0.2527379411790653,0.30248367646190416,0.44477838235903056,-0.008826436566584153,-0.012611610239270854,0.013595265985711813,0.004292180803401956,0.018507019277732507,0.018507019277732507
ROU_U,0.2527379411790653,0.30248367646190416,0.44477838235903056,-0.008826436566584153,-0.012611610239270854,0.013595265985711813,0.004292180803401956,0.018507019277732507,0.018507019277732507
TUN_U,0.2527379411790653,0.30248367646190416,0.44477838235903056,-0.008826436566584153,-0.012611610239270854,0.013595265985711813,0.004292180803401956,0.018507019277732507,0.018507019277732507
ARG_U,0.2527379411790653,0.30248367646190416,0.44477838235903056,-0.008826436566584153,-0.012611610239270854,0.013595265985711813,0.004292180803401956,0.018507019277732507,0.018507019277732507
CAN_U,0.2527379411790653,0.30248367646190416,0.44477838235903056,-0.008826436566584153,-0.012611610239270854,0.013595265985711813,0.004292180803401956,0.018507019277732507,0.018507019277732507
DEU_U,0.2527379411790653,0.30248367646190416,0.44477838235903056,-0.008826436566584153,-0.012611610239270854,0.013595265985711813,0.004292180803401956,0.018507019277732507,0.018507019277732507
GBR_U,0.2527379411790653,0.30248367646190416,0.44477838235903056,-0.008826436566584153,-0.012611610239270854,0.013595265985711813,0.004292180803401956,0.018507019277732507,0.018507019277732507
IRN_U,0.2527379411790653,0.30248367646190416,0.44477838235903056,-0.008826436566584153,-0.012611610239270854,0.013595265985711813,0.004292180803401956,0.018507019277732507,0.018507019277732507
MEX_U,0.2527379411790653,0.30248367646190416,0.44477838235903056,-0.008826436566584153,-0.012611610239270854,0.013595265985711813,0.004292180803401956,0.018507019277732507,0.018507019277732507
PER_U,0.2527379411790653,0.30248367646190416,0.44477838235903056,-0.008826436566584153,-0.012611610239270854,0.013595265985711813,0.004292180803401956,0.018507019277732507,0.018507019277732507
SAU_U,0.2527379411790653,0.30248367646190416,0.44477838235903056,-0.008826436566584153,-0.012611610239270854,0.013595265985711813,0.004292180803401956,0.018507019277732507,0.018507019277732507
TUR_U,0.2527379411790653,0.30248367646190416,0.44477838235903056,-0.008826436566584153,-0.012611610239270854,0.013595265985711813,0.004292180803401956,0.018507019277732507,0.018507019277732507
AUS_U,0.2527379411790653,0.30248367646190416,0.44477838235903056,-0.008826436566584153,-0.012611610239270854,0.013595265985711813,0.004292180803401956,0.018507019277732507,0.018507019277732507
CHE_U,0.2527379411790653,0.30248367646190416,0.44477838235903056,-0.008826436566584153,-0.012611610239270854,0.013595265985711813,0.004292180803401956,0.018507019277732507,0.018507019277732507
DNK_U,0.2527379411790653,0.30248367646190416,0.44477838235903056,-0.008826436566584153,-0.012611610239270854,0.013595265985711813,0.004292180803401956,0.018507019277732507,0.018507019277732507
GRC_U,0.2527379411790653,0.30248367646190416,0.44477838235903056,-0.008826436566584153,-0.012611610239270854,0.013595265985711813,0.004292180803401956,0.018507019277732507,0.018507019277732507
ISL_U,0.2527379411790653,0.30248367646190416,0.44477838235903056,-0.008826436566584153,-0.012611610239270854,0.013595265985711813,0.004292180803401956,0.018507019277732507,0.018507019277732507
MLT_U,0.2527379411790653,0.30248367646190416,0.44477838235903056,-0.008826436566584153,-0.012611610239270854,0.013595265985711813,0.004292180803401956,0.018507019277732507,0.018507019277732507
PHL_U,0.2527379411790653,0.30248367646190416,0.44477838235903056,-0.008826436566584153,-0.012611610239270854,0.013595265985711813,0.004292180803401956,0.018507019277732507,0.018507019277732507
SGP_U,0.2527379411790653,0.30248367646190416,0.44477838235903056,-0.008826436566584153,-0.012611610239270854,0.013595265985711813,0.004292180803401956,0.018507019277732507,0.018507019277732507
TWN_U,0.2527379411790653,0.30248367646190416,0.44477838235903056,-0.008826436566584153,-0.012611610239270854,0.013595265985711813,0.004292180803401956,0.018507019277732507,0.018507019277732507
AUT_U,0.2527379411790653,0.30248367646190416,0.44477838235903056,-0.008826436566584153,-0.012611610239270854,0.013595265985711813,0.004292180803401956,0.018507019277732507,0.018507019277732507
CHL_U,0.2527379411790653,0.30248367646190416,0.44477838235903056,-0.008826436566584153,-0.012611610239270854,0.013595265985711813,0.004292180803401956,0.018507019277732507,0.018507019277732507
EGY_U,0.2527379411790653,0.30248367646190416,0.44477838235903056,-0.008826436566584153,-0.012611610239270854,0.013595265985711813,0.004292180803401956,0.018507019277732507,0.018507019277732507
HKG_U,0.2527379411790653,0.30248367646190416,0.44477838235903056,-0.008826436566584153,-0.012611610239270854,0.013595265985711813,0.004292180803401956,0.018507019277732507,0.018507019277732507
ISR_U,0.2527379411790653,0.30248367646190416,0.44477838235903056,-0.008826436566584153,-0.012611610239270854,0.013595265985711813,0.004292180803401956,0.018507019277732507,0.018507019277732507
MYS_U,0.2527379411790653,0.30248367646190416,0.44477838235903056,-0.008826436566584153,-0.012611610239270854,0.013595265985711813,0.004292180803401956,0.018507019277732507,0.018507019277732507
POL_U,0.2527379411790653,0.30248367646190416,0.44477838235903056,-0.008826436566584153,-0.012611610239270854,0.013595265985711813,0.004292180803401956,0.018507019277732507,0.018507019277732507
SVK_U,0.2527379411790653,0.30248367646190416,0.44477838235903056,-0.008826436566584153,-0.012611610239270854,0.013595265985711813,0.004292180803401956,0.018507019277732507,0.018507019277732507
URY_U,0.2527379411790653,0.30248367646190416,0.44477838235903056,-0.008826436566584153,-0.012611610239270854,0.013595265985711813,0.004292180803401956,0.018507019277732507,0.018507019277732507
BEL_U,0.2527379411790653,0.30248367646190416,0.44477838235903056,-0.008826436566584153,-0.012611610239270854,0.013595265985711813,0.004292180803401956,0.018507019277732507,0.018507019277732507
CHN_U,0.2527379411790653,0.30248367646190416,0.44477838235903056,-0.008826436566584153,-0.012611610239270854,0.013595265985711813,0.004292180803401956,0.018507019277732507,0.018507019277732507
ESP_U,0.2527379411790653,0.30248367646190416,0.44477838235903056,-0.008826436566584153,-0.012611610239270854,0.013595265985711813,0.004292180803401956,0.018507019277732507,0.018507019277732507
HUN_U,0.2527379411790653,0.30248367646190416,0.44477838235903056,-0.008826436566584153,-0.012611610239270854,0.013595265985711813,0.004292180803401956,0.018507019277732507,0.018507019277732507
ITA_U,0.2527379411790653,0.30248367646190416,0.44477838235903056,-0.008826436566584153,-0.012611610239270854,0.013595265985711813,0.004292180803401956,0.018507019277732507,0.018507019277732507
NAM_U,0.2527379411790653,0.30248367646190416,0.44477838235903056,-0.008826436566584153,-0.012611610239270854,0.013595265985711813,0.004292180803401956,0.018507019277732507,0.018507019277732507
PRT_U,0.2527379411790653,0.30248367646190416,0.44477838235903056,-0.008826436566584153,-0.012611610239270854,0.013595265985711813,0.004292180803401956,0.018507019277732507,0.018507019277732507
SVN_U,0.2527379411790653,0.30248367646190416,0.44477838235903056,-0.008826436566584153,-0.012611610239270854,0.013595265985711813,0.004292180803401956,0.018507019277732507,0.018507019277732507
USA_U,0.2527379411790653,0.30248367646190416,0.44477838235903056,-0.008826436566584153,-0.012611610239270854,0.013595265985711813,0.004292180803401956,0.018507019277732507,0.018507019277732507
BGR_U,0.2527379411790653,0.30248367646190416,0.44477838235903056,-0.008826436566584153,-0.012611610239270854,0.013595265985711813,0.004292180803401956,0.018507019277732507,0.018507019277732507
COL_U,0.2527379411790653,0.30248367646190416,0.44477838235903056,-0.008826436566584153,-0.012611610239270854,0.013595265985711813,0.004292180803401956,0.018507019277732507,0.018507019277732507
EST_U,0.2527379411790653,0.30248367646190416,0.44477838235903056,-0.008826436566584153,-0.012611610239270854,0.013595265985711813,0.004292180803401956,0.018507019277732507,0.018507019277732507
IDN_U,0.2527379411790653,0.30248367646190416,0.44477838235903056,-0.008826436566584153,-0.012611610239270854,0.013595265985711813,0.004292180803401956,0.018507019277732507,0.018507019277732507
JPN_U,0.2527379411790653,0.30248367646190416,0.44477838235903056,-0.008826436566584153,-0.012611610239270854,0.013595265985711813,0.004292180803401956,0.018507019277732507,0.018507019277732507
NLD_U,0.2527379411790653,0.30248367646190416,0.44477838235903056,-0.008826436566584153,-0.012611610239270854,0.013595265985711813,0.004292180803401956,0.018507019277732507,0.018507019277732507
PRY_U,0.2527379411790653,0.30248367646190416,0.44477838235903056,-0.008826436566584153,-0.012611610239270854,0.013595265985711813,0.004292180803401956,0.018507019277732507,0.018507019277732507
SWE_U,0.2527379411790653,0.30248367646190416,0.44477838235903056,-0.008826436566584153,-0.012611610239270854,0.013595265985711813,0.004292180803401956,0.018507019277732507,0.018507019277732507
ZAF_U,0.2527379411790653,0.30248367646190416,0.44477838235903056,-0.008826436566584153,-0.012611610239270854,0.013595265985711813,0.004292180803401956,0.018507019277732507,0.018507019277732507
BOL_U,0.2527379411790653,0.30248367646190416,0.44477838235903056,-0.008826436566584153,-0.012611610239270854,0.013595265985711813,0.004292180803401956,0.018507019277732507,0.018507019277732507
CYP_U,0.2527379411790653,0.30248367646190416,0.44477838235903056,-0.008826436566584153,-0.012611610239270854,0.013595265985711813,0.004292180803401956,0.018507019277732507,0.018507019277732507
FIN_U,0.2527379411790653,0.30248367646190416,0.44477838235903056,-0.008826436566584153,-0.012611610239270854,0.013595265985711813,0.004292180803401956,0.018507019277732507,0.018507019277732507
IND_U,0.2527379411790653,0.30248367646190416,0.44477838235903056,-0.008826436566584153,-0.012611610239270854,0.013595265985711813,0.004292180803401956,0.018507019277732507,0.018507019277732507
KOR_U,0.2527379411790653,0.30248367646190416,0.44477838235903056,-0.008826436566584153,-0.012611610239270854,0.013595265985711813,0.004292180803401956,0.018507019277732507,0.018507019277732507
NOR_U,0.2527379411790653,0.30248367646190416,0.44477838235903056,-0.008826436566584153,-0.012611610239270854,0.013595265985711813,0.004292180803401956,0.018507019277732507,0.018507019277732507
QAT_U,0.2527379411790653,0.30248367646190416,0.44477838235903056,-0.008826436566584153,-0.012611610239270854,0.013595265985711813,0.004292180803401956,0.018507019277732507,0.018507019277732507
THA_U,0.2527379411790653,0.30248367646190416,0.44477838235903056,-0.008826436566584153,-0.012611610239270854,0.013595265985711813,0.004292180803401956,0.018507019277732507,0.018507019277732507
