0.7103462975898525,0.28922223626432014,0.0004314661458271878,0.01550065311305709,0.9689986937738859,0.01550065311305709,0.0004314661458271878,0.28922223626432014,0.7103462975898525
0.7157609915706851,0.2838355944665232,0.0004034139627918139,0.015258233298590945,0.9694835334028181,0.015258233298590945,0.0004034139627918139,0.2838355944665232,0.7157609915706851
0.5975910557023169,0.40240879990194267,1.4439574056749037e-07,0.020090159875734707,0.9598196802485308,0.020090159875734707,1.4439574056749037e-07,0.4024087999019426,0.5975910557023167
0.5951283415674623,0.40487159341848594,6.501405164320933e-08,0.020181948536542812,0.9596361029269145,0.020181948536542812,6.501405164320933e-08,0.40487159341848594,0.5951283415674623
0.683550368947939,0.31641813239053934,3.1498661521639064e-05,0.016650061019838076,0.9666998779603235,0.016650061019838076,3.149866152163907e-05,0.31641813239053934,0.6835503689479391
0.5580933508575779,0.44190661697797307,3.216444901814874e-08,0.021516620265719516,0.9569667594685614,0.021516620265719516,3.216444901814876e-08,0.44190661697797307,0.5580933508575778
0.5271123729557491,0.47288761779227,9.251980954621645e-09,0.022567266706556944,0.9548654665868856,0.022567266706556944,9.251980954621649e-09,0.47288761779227,0.5271123729557491
0.7608556482348902,0.22647961282177467,0.012664738943335035,0.013756580357566165,0.9724868392848678,0.013756580357566165,0.012664738943335035,0.22647961282177467,0.7608556482348902
0.554522475547428,0.4454774886210903,3.5831481805931424e-08,0.0216407770070529,0.956718445985894,0.0216407770070529,3.5831481805931424e-08,0.4454774886210903,0.554522475547428
0.5394336085800862,0.46056636517210653,2.624780725768282e-08,0.022156600200659356,0.9556867995986813,0.022156600200659356,2.624780725768283e-08,0.46056636517210664,0.5394336085800862
0.5960995531983955,0.403900352765706,9.403589842876306e-08,0.020145795354775467,0.9597084092904484,0.020145795354775467,9.403589842876307e-08,0.40390035276570607,0.5960995531983956
0.4426932948821416,0.5573067035195785,1.5982797118007223e-09,0.025125691139913274,0.9497486177201735,0.025125691139913274,1.5982797118007227e-09,0.5573067035195786,0.44269329488214165
0.5961907225484617,0.40380917049049325,1.0696104494454858e-07,0.0201423989452704,0.959715202109459,0.0201423989452704,1.0696104494454865e-07,0.4038091704904933,0.5961907225484617
0.5078576120196849,0.49214236767814873,2.030216638990075e-08,0.02319004092529863,0.9536199181494027,0.02319004092529863,2.0302166389900756e-08,0.4921423676781488,0.5078576120196849
0.5718247983564309,0.4281751447105211,5.6933048002495855e-08,0.0210317648512175,0.9579364702975647,0.0210317648512175,5.693304800249582e-08,0.42817514471052104,0.571824798356431
0.66636606910071,0.3336224221127902,1.1508786499886656e-05,0.017374112370856218,0.9652517752582874,0.017374112370856218,1.1508786499886656e-05,0.3336224221127902,0.66636606910071
0.6139122432181279,0.38608687180104334,8.849808287495691e-07,0.019472312384516417,0.9610553752309671,0.019472312384516417,8.849808287495691e-07,0.38608687180104334,0.6139122432181279
0.47017858866939344,0.5298214088315484,2.4990580560349005e-09,0.024341622603781327,0.9513167547924374,0.024341622603781327,2.4990580560349005e-09,0.5298214088315484,0.47017858866939344
0.5492037584903098,0.45079622957475945,1.1934930907840231e-08,0.021824197211503922,0.9563516055769918,0.021824197211503922,1.1934930907840228e-08,0.4507962295747594,0.5492037584903098
0.5962253220100184,0.4037745754274992,1.0256248243065163e-07,0.02014110949939626,0.9597177810012076,0.02014110949939626,1.0256248243065163e-07,0.4037745754274992,0.5962253220100184
0.5095047740447934,0.49049522207279256,3.882413936656874e-09,0.023137652772973128,0.9537246944540534,0.023137652772973128,3.882413936656874e-09,0.49049522207279256,0.5095047740447934
0.6764210306809463,0.32356207355588584,1.6895763167552808e-05,0.016952420112045216,0.96609515977591,0.016952420112045216,1.6895763167552808e-05,0.32356207355588584,0.6764210306809463
0.6849417865642202,0.31502232340283537,3.589003294434984e-05,0.016590747227877466,0.9668185055442451,0.016590747227877466,3.589003294434984e-05,0.31502232340283537,0.6849417865642202
0.8875587326166473,0.019404608511482985,0.09303665887186992,0.011522956159192917,0.9769540876816143,0.011522956159192917,0.09303665887186989,0.01940460851148298,0.8875587326166471
0.7047060044520436,0.295171403013499,0.00012259253445751113,0.015736318515855507,0.9685273629682891,0.015736318515855507,0.00012259253445751113,0.295171403013499,0.7047060044520436
0.6343116073887084,0.3656870805444118,1.3120668799107886e-06,0.018676575316791986,0.9626468493664165,0.018676575316791986,1.3120668799107884e-06,0.36568708054441174,0.6343116073887083
0.478429472974917,0.52157052494774,2.0773430785241016e-09,0.024097004341986302,0.9518059913160275,0.024097004341986302,2.0773430785241016e-09,0.5215705249477401,0.478429472974917
0.4707284836396598,0.5292715153185289,1.0418111445771322e-09,0.02432545306561902,0.9513490938687621,0.02432545306561902,1.0418111445771322e-09,0.529271515318529,0.4707284836396599
0.668981083620126,0.3310045424859862,1.4373893887699962e-05,0.017265106796600524,0.965469786406799,0.017265106796600524,1.4373893887699962e-05,0.3310045424859862,0.668981083620126
0.5470731932982269,0.4529267829016171,2.3800156019599374e-08,0.02189719581996527,0.95620560836007,0.02189719581996527,2.3800156019599378e-08,0.45292678290161714,0.5470731932982269
0.4947102473131661,0.5052897479138759,4.772957863584491e-09,0.023601931225377477,0.9527961375492453,0.023601931225377477,4.77295786358449e-09,0.5052897479138759,0.4947102473131662
0.5865005120831965,0.4134993908820362,9.703476736630338e-08,0.020500540343842563,0.958998919312315,0.020500540343842563,9.703476736630338e-08,0.4134993908820362,0.5865005120831965
0.5276302522110374,0.4723697355705452,1.2218417449865886e-08,0.022550197066875395,0.9548996058662497,0.022550197066875395,1.2218417449865885e-08,0.4723697355705451,0.5276302522110373
0.7856637316705757,0.1862848182224409,0.028051450106983462,0.013313253962389311,0.9733734920752217,0.013313253962389311,0.028051450106983462,0.1862848182224409,0.7856637316705757
0.6266584592854254,0.37334072814115865,8.125734160702012e-07,0.01897813104044373,0.9620437379191122,0.01897813104044373,8.125734160702012e-07,0.37334072814115865,0.6266584592854254
0.6382689543627502,0.3617295095839241,1.5360533257204407e-06,0.01851920203712789,0.9629615959257442,0.01851920203712789,1.5360533257204405e-06,0.361729509583924,0.6382689543627501
0.5159242319779144,0.48407576426212445,3.7599611473119975e-09,0.022931943397159715,0.9541361132056804,0.022931943397159715,3.7599611473119975e-09,0.48407576426212456,0.5159242319779144
0.5776138351454555,0.422386052510825,1.1234371951053486e-07,0.020823825115885198,0.9583523497682295,0.020823825115885198,1.1234371951053488e-07,0.4223860525108251,0.5776138351454556
0.8799512308986,0.0316062064977292,0.08844256260367105,0.011672313808041861,0.9766553723839163,0.011672313808041861,0.08844256260367105,0.0316062064977292,0.8799512308986
0.7428011142875447,0.2536605940950292,0.0035382916174262168,0.014171579728574633,0.9716568405428506,0.014171579728574633,0.0035382916174262168,0.2536605940950292,0.7428011142875447
0.49036791323912976,0.509632084416702,2.3441680971685575e-09,0.02373560369067371,0.9525287926186525,0.02373560369067371,2.344168097168557e-09,0.509632084416702,0.49036791323912976
0.5775376543093709,0.42246227957144755,6.611918158358364e-08,0.020826573455699483,0.9583468530886008,0.020826573455699483,6.61191815835836e-08,0.42246227957144744,0.577537654309371
0.6579092201393911,0.34208678989973745,3.9899608712446595e-06,0.017723752827983014,0.9645524943440338,0.017723752827983014,3.9899608712446595e-06,0.34208678989973745,0.6579092201393911
0.6522449643930651,0.34775242643912146,2.609167813200474e-06,0.017955619467983516,0.9640887610640332,0.017955619467983516,2.6091678132004745e-06,0.3477524264391215,0.6522449643930652
0.5902977316233862,0.4097021941194968,7.425711712684357e-08,0.020360896955292324,0.9592782060894155,0.020360896955292324,7.42571171268436e-08,0.4097021941194968,0.590297731623386
0.680855029790896,0.31911499075895033,2.997945015376722e-05,0.01676491406167098,0.9664701718766581,0.01676491406167098,2.997945015376722e-05,0.31911499075895033,0.680855029790896
0.6482154781028996,0.35178303272460565,1.4891724947192958e-06,0.01811933143247271,0.9637613371350544,0.01811933143247271,1.4891724947192958e-06,0.35178303272460565,0.6482154781028996
0.6705872219672476,0.3293966949129315,1.608311982092237e-05,0.01719794251300176,0.9656041149739966,0.01719794251300176,1.608311982092237e-05,0.3293966949129315,0.6705872219672476
0.5575631466270172,0.44243682113361893,3.223936386498528e-08,0.021535105445250294,0.9569297891094993,0.021535105445250294,3.223936386498528e-08,0.44243682113361893,0.5575631466270172
0.5907241846870069,0.4092757337296676,8.158332529690357e-08,0.020345158138573367,0.9593096837228532,0.020345158138573367,8.158332529690359e-08,0.4092757337296677,0.590724184687007
0.6031387263969001,0.39686115439931546,1.1920378424370481e-07,0.019881994597952122,0.9602360108040958,0.019881994597952122,1.1920378424370481e-07,0.39686115439931546,0.6031387263969001
0.6631761171630881,0.33681664909708386,7.233739828123304e-06,0.017506469562968946,0.964987060874062,0.017506469562968946,7.233739828123304e-06,0.33681664909708386,0.6631761171630881
0.541045682373591,0.45895430693549283,1.069091620372159e-08,0.02210216612918052,0.9557956677416389,0.02210216612918052,1.069091620372159e-08,0.45895430693549283,0.541045682373591
0.6566795599404738,0.3433178086717555,2.63138777074966e-06,0.017774218710884016,0.9644515625782318,0.017774218710884016,2.63138777074966e-06,0.3433178086717555,0.6566795599404738
0.5900122052966691,0.40998767388905494,1.2081427605626224e-07,0.02037143022761677,0.9592571395447668,0.02037143022761677,1.2081427605626224e-07,0.40998767388905494,0.5900122052966691
0.43829506927887335,0.5617049289169986,1.8041280530117975e-09,0.025246788224377124,0.9495064235512457,0.025246788224377124,1.8041280530117982e-09,0.5617049289169986,0.4382950692788733
0.6480058139153595,0.35199196167701385,2.224407626747505e-06,0.01812785408608945,0.9637442918278212,0.01812785408608945,2.2244076267475046e-06,0.3519919616770138,0.6480058139153594
0.3733580860336376,0.6266419051012481,8.86511406377055e-09,0.026893867083541453,0.9462122658329171,0.026893867083541453,8.865114063770557e-09,0.6266419051012483,0.3733580860336376
0.5071281940731558,0.49287180032237826,5.604466004926654e-09,0.023213173322429493,0.9535736533551407,0.023213173322429493,5.604466004926653e-09,0.49287180032237815,0.5071281940731558
0.6436077101984339,0.3563914254294341,8.643721320377079e-07,0.018305319614312913,0.9633893607713742,0.018305319614312913,8.643721320377079e-07,0.3563914254294341,0.6436077101984339
0.6115212317602555,0.3884782549758538,5.132638907243834e-07,0.01956382661050096,0.9608723467789981,0.01956382661050096,5.132638907243834e-07,0.3884782549758538,0.6115212317602555
0.5242869458924946,0.4757130406886195,1.3418885830033822e-08,0.02266010000801275,0.9546797999839743,0.02266010000801275,1.3418885830033822e-08,0.4757130406886195,0.5242869458924946
0.5705239442945074,0.4294760324285501,2.32769425241726e-08,0.021078201973277817,0.9578435960534445,0.021078201973277817,2.32769425241726e-08,0.4294760324285501,0.5705239442945074
0.5705239442945074,0.4294760324285501,2.32769425241726e-08,0.021078201973277817,0.9578435960534445,0.021078201973277817,2.32769425241726e-08,0.4294760324285501,0.5705239442945074
0.646495212790224,0.3535041390455297,6.481642461056411e-07,0.018188899347507677,0.9636222013049843,0.018188899347507677,6.481642461056417e-07,0.3535041390455298,0.646495212790224
0.5689785076942943,0.43102146990708196,2.2398623841963157e-08,0.02113323402800636,0.9577335319439872,0.02113323402800636,2.2398623841963157e-08,0.43102146990708196,0.5689785076942943
0.5679098610302488,0.43209011804548325,2.0924267855384538e-08,0.021171183680531957,0.9576576326389361,0.021171183680531957,2.0924267855384555e-08,0.43209011804548336,0.5679098610302489
0.5704853637095889,0.42951461305825644,2.3232154729273267e-08,0.021079577619920277,0.9578408447601593,0.021079577619920277,2.323215472927327e-08,0.42951461305825644,0.5704853637095889
0.5710078639472475,0.4289921122686392,2.3784113151148876e-08,0.021060939215635184,0.9578781215687298,0.021060939215635184,2.378411315114887e-08,0.42899211226863926,0.5710078639472477
0.5705239442945074,0.4294760324285501,2.32769425241726e-08,0.021078201973277817,0.9578435960534445,0.021078201973277817,2.32769425241726e-08,0.4294760324285501,0.5705239442945074
0.5705239442945074,0.4294760324285501,2.32769425241726e-08,0.021078201973277817,0.9578435960534445,0.021078201973277817,2.32769425241726e-08,0.4294760324285501,0.5705239442945074
0.5705239442945074,0.4294760324285501,2.32769425241726e-08,0.021078201973277817,0.9578435960534445,0.021078201973277817,2.32769425241726e-08,0.4294760324285501,0.5705239442945074
0.5702388159150776,0.4297611611081334,2.2976788945690312e-08,0.021088366443489884,0.9578232671130201,0.021088366443489884,2.2976788945690306e-08,0.42976116110813334,0.5702388159150777
0.5926783432037319,0.4073215967005033,6.009576477815158e-08,0.020272889886116623,0.9594542202277665,0.020272889886116623,6.009576477815158e-08,0.40732159670050333,0.592678343203732
0.5576590075460575,0.4423409784989201,1.39550225064144e-08,0.02153176398931141,0.9569364720213773,0.02153176398931141,1.39550225064144e-08,0.4423409784989201,0.5576590075460575
0.5705239442945074,0.4294760324285501,2.32769425241726e-08,0.021078201973277817,0.9578435960534445,0.021078201973277817,2.32769425241726e-08,0.4294760324285501,0.5705239442945074
0.5705239442945074,0.4294760324285501,2.32769425241726e-08,0.021078201973277817,0.9578435960534445,0.021078201973277817,2.32769425241726e-08,0.4294760324285501,0.5705239442945074
0.5705239442945074,0.4294760324285501,2.32769425241726e-08,0.021078201973277817,0.9578435960534445,0.021078201973277817,2.32769425241726e-08,0.4294760324285501,0.5705239442945074
0.5705239442945074,0.4294760324285501,2.32769425241726e-08,0.021078201973277817,0.9578435960534445,0.021078201973277817,2.32769425241726e-08,0.4294760324285501,0.5705239442945074
0.5705239442945074,0.4294760324285501,2.32769425241726e-08,0.021078201973277817,0.9578435960534445,0.021078201973277817,2.32769425241726e-08,0.4294760324285501,0.5705239442945074
0.5680006529995656,0.43199932573487476,2.1265559563783566e-08,0.02116797772197563,0.9576640445560489,0.02116797772197563,2.126555956378357e-08,0.4319993257348748,0.5680006529995656
0.569178468692678,0.4308215091955146,2.2111807649538826e-08,0.021126121930679764,0.9577477561386406,0.021126121930679764,2.2111807649538826e-08,0.43082150919551454,0.569178468692678
0.5708308773612012,0.4291690990593191,2.3579479667103065e-08,0.021067254515032365,0.957865490969935,0.021067254515032365,2.3579479667103068e-08,0.429169099059319,0.5708308773612013
0.5673991348837273,0.4326008445744796,2.05417930762486e-08,0.021189330264064263,0.9576213394718717,0.021189330264064263,2.054179307624861e-08,0.4326008445744797,0.5673991348837272
0.570350922860914,0.42964905402462705,2.3114459000403653e-08,0.021084370577758964,0.957831258844482,0.021084370577758964,2.3114459000403653e-08,0.42964905402462705,0.570350922860914
0.5705367604995255,0.429463216209531,2.3290943544954732e-08,0.02107774497231149,0.9578445100553771,0.02107774497231149,2.3290943544954732e-08,0.429463216209531,0.5705367604995255
0.5705239442945074,0.4294760324285501,2.32769425241726e-08,0.021078201973277817,0.9578435960534445,0.021078201973277817,2.32769425241726e-08,0.4294760324285501,0.5705239442945074
0.5739519655628204,0.4260480077028326,2.6734347018431537e-08,0.020955599662708903,0.9580888006745818,0.020955599662708903,2.6734347018431534e-08,0.4260480077028325,0.5739519655628202
0.5763060882130634,0.42369388236026223,2.942667446194002e-08,0.02087097940683592,0.958258041186328,0.02087097940683592,2.942667446194002e-08,0.42369388236026223,0.5763060882130634
0.5712663455482196,0.4287336303662886,2.4085491544901097e-08,0.02105171246522054,0.9578965750695586,0.02105171246522054,2.4085491544901087e-08,0.42873363036628864,0.5712663455482199
0.5705239442945074,0.4294760324285501,2.32769425241726e-08,0.021078201973277817,0.9578435960534445,0.021078201973277817,2.32769425241726e-08,0.4294760324285501,0.5705239442945074
0.5705239442945074,0.4294760324285501,2.32769425241726e-08,0.021078201973277817,0.9578435960534445,0.021078201973277817,2.32769425241726e-08,0.4294760324285501,0.5705239442945074
0.5727947080027943,0.42720526650777485,2.5489430897129618e-08,0.02099707076614348,0.958005858467713,0.02099707076614348,2.548943089712961e-08,0.42720526650777485,0.5727947080027943
0.5712777185144008,0.42872225743668846,2.4048910591725177e-08,0.02105130639854935,0.9578973872029011,0.02105130639854935,2.404891059172518e-08,0.4287222574366885,0.571277718514401
0.5705239442945074,0.4294760324285501,2.32769425241726e-08,0.021078201973277817,0.9578435960534445,0.021078201973277817,2.32769425241726e-08,0.4294760324285501,0.5705239442945074
0.5705239442945074,0.4294760324285501,2.32769425241726e-08,0.021078201973277817,0.9578435960534445,0.021078201973277817,2.32769425241726e-08,0.4294760324285501,0.5705239442945074
0.6481996078633733,0.3517996729514368,7.191851899702408e-07,0.01811994319099168,0.963760113618017,0.01811994319099168,7.191851899702408e-07,0.3517996729514368,0.6481996078633733
0.5705239442945074,0.4294760324285501,2.32769425241726e-08,0.021078201973277817,0.9578435960534445,0.021078201973277817,2.32769425241726e-08,0.4294760324285501,0.5705239442945074
0.5713554369474719,0.4286445388992874,2.4153240632210127e-08,0.021048531292996137,0.9579029374140079,0.021048531292996137,2.415324063221013e-08,0.42864453889928744,0.571355436947472
0.5705239442945074,0.4294760324285501,2.32769425241726e-08,0.021078201973277817,0.9578435960534445,0.021078201973277817,2.32769425241726e-08,0.4294760324285501,0.5705239442945074
0.5610254841418263,0.4389744996834822,1.617469158716702e-08,0.0214140758087391,0.9571718483825221,0.0214140758087391,1.617469158716702e-08,0.4389744996834822,0.5610254841418263
0.5705239442945074,0.4294760324285501,2.32769425241726e-08,0.021078201973277817,0.9578435960534445,0.021078201973277817,2.32769425241726e-08,0.4294760324285501,0.5705239442945074
0.5725164619506784,0.42748351239630233,2.5653019211075344e-08,0.021007029442044613,0.9579859411159106,0.021007029442044613,2.5653019211075347e-08,0.4274835123963024,0.5725164619506785
0.5705239442945074,0.4294760324285501,2.32769425241726e-08,0.021078201973277817,0.9578435960534445,0.021078201973277817,2.32769425241726e-08,0.4294760324285501,0.5705239442945074
0.569314582764426,0.43068539507210596,2.2163468176436452e-08,0.021121279283450166,0.9577574414330997,0.021121279283450166,2.216346817643646e-08,0.430685395072106,0.5693145827644259
0.6476129573549683,0.35238634826657605,6.943784555938698e-07,0.01814369818989285,0.9637126036202147,0.01814369818989285,6.943784555938698e-07,0.35238634826657605,0.6476129573549683
0.5652128867512834,0.43478709450797814,1.874073833180757e-08,0.021266700529404766,0.9574665989411902,0.021266700529404766,1.874073833180757e-08,0.43478709450797814,0.5652128867512834
0.5705239442945074,0.4294760324285501,2.32769425241726e-08,0.021078201973277817,0.9578435960534445,0.021078201973277817,2.32769425241726e-08,0.4294760324285501,0.5705239442945074
0.5705239442945074,0.4294760324285501,2.32769425241726e-08,0.021078201973277817,0.9578435960534445,0.021078201973277817,2.32769425241726e-08,0.4294760324285501,0.5705239442945074
0.6476356924631805,0.352363612716931,6.948198884725168e-07,0.0181427779665171,0.9637144440669659,0.0181427779665171,6.948198884725168e-07,0.352363612716931,0.6476356924631805
0.5705239442945074,0.4294760324285501,2.32769425241726e-08,0.021078201973277817,0.9578435960534445,0.021078201973277817,2.32769425241726e-08,0.4294760324285501,0.5705239442945074
0.5839700167618019,0.4160299414940326,4.1744165556107394e-08,0.020593096693403343,0.9588138066131933,0.020593096693403343,4.174416555610741e-08,0.4160299414940326,0.5839700167618017
0.5693060745462148,0.4306939031694579,2.2284327259170394e-08,0.021121582025974594,0.9577568359480508,0.021121582025974594,2.2284327259170394e-08,0.4306939031694579,0.5693060745462148
0.5705239442945074,0.4294760324285501,2.32769425241726e-08,0.021078201973277817,0.9578435960534445,0.021078201973277817,2.32769425241726e-08,0.4294760324285501,0.5705239442945074
0.5687444496182859,0.4312555286518147,2.1729899332456988e-08,0.021141555660678178,0.9577168886786436,0.021141555660678178,2.172989933245699e-08,0.4312555286518147,0.568744449618286
0.5705239442945074,0.4294760324285501,2.32769425241726e-08,0.021078201973277817,0.9578435960534445,0.021078201973277817,2.32769425241726e-08,0.4294760324285501,0.5705239442945074
0.5705239442945074,0.4294760324285501,2.32769425241726e-08,0.021078201973277817,0.9578435960534445,0.021078201973277817,2.32769425241726e-08,0.4294760324285501,0.5705239442945074
0.5703922092328283,0.42960776761050623,2.3156665500965913e-08,0.021082898795496186,0.9578342024090076,0.021082898795496186,2.3156665500965913e-08,0.42960776761050623,0.5703922092328283
0.5695259021827868,0.430474075476629,2.234058410281715e-08,0.021113758700475826,0.9577724825990483,0.021113758700475826,2.2340584102817155e-08,0.4304740754766291,0.5695259021827869
0.5705239442945074,0.4294760324285501,2.32769425241726e-08,0.021078201973277817,0.9578435960534445,0.021078201973277817,2.32769425241726e-08,0.4294760324285501,0.5705239442945074
0.5776008039902947,0.4223991646993586,3.1310346755557874e-08,0.02082429262049754,0.9583514147590046,0.02082429262049754,3.1310346755557874e-08,0.4223991646993586,0.5776008039902947
0.5708155704325022,0.42918440590693013,2.3660567679988544e-08,0.021067800613967864,0.9578643987720642,0.021067800613967864,2.3660567679988534e-08,0.42918440590693013,0.5708155704325022
0.5705239442945074,0.4294760324285501,2.32769425241726e-08,0.021078201973277817,0.9578435960534445,0.021078201973277817,2.32769425241726e-08,0.4294760324285501,0.5705239442945074
0.5705239442945074,0.4294760324285501,2.32769425241726e-08,0.021078201973277817,0.9578435960534445,0.021078201973277817,2.32769425241726e-08,0.4294760324285501,0.5705239442945074
0.7317010371368454,0.2674765344535975,0.0008224284095570222,0.014556764530363236,0.9708864709392735,0.014556764530363236,0.0008224284095570222,0.2674765344535975,0.7317010371368454
0.6874697643819978,0.31250897026911434,2.126534888779691e-05,0.016481705067319108,0.9670365898653618,0.016481705067319108,2.1265348887796875e-05,0.3125089702691142,0.6874697643819979
0.7135267634050978,0.28629709939402703,0.00017613720087526186,0.015347838615386696,0.9693043227692264,0.015347838615386696,0.00017613720087526183,0.286297099394027,0.7135267634050977
0.7135267634050978,0.28629709939402703,0.00017613720087526186,0.015347838615386696,0.9693043227692264,0.015347838615386696,0.00017613720087526183,0.286297099394027,0.7135267634050977
0.7135267634050978,0.28629709939402703,0.00017613720087526186,0.015347838615386696,0.9693043227692264,0.015347838615386696,0.00017613720087526183,0.286297099394027,0.7135267634050977
0.7135267634050978,0.28629709939402703,0.00017613720087526186,0.015347838615386696,0.9693043227692264,0.015347838615386696,0.00017613720087526183,0.286297099394027,0.7135267634050977
0.7135267634050978,0.28629709939402703,0.00017613720087526186,0.015347838615386696,0.9693043227692264,0.015347838615386696,0.00017613720087526183,0.286297099394027,0.7135267634050977
0.7153375151902773,0.2844516625621728,0.00021082224754998043,0.015268554584747936,0.9694628908305039,0.015268554584747936,0.00021082224754998043,0.2844516625621728,0.7153375151902773
0.7134082563780915,0.2864173767565649,0.0001743668653435325,0.015353042853712,0.9692939142925759,0.015353042853712,0.0001743668653435325,0.2864173767565649,0.7134082563780915
0.6980088033399365,0.30194339059436887,4.780606569473056e-05,0.01602657600449265,0.9679468479910148,0.01602657600449265,4.7806065694730556e-05,0.30194339059436887,0.6980088033399364
0.7135267634050978,0.28629709939402703,0.00017613720087526186,0.015347838615386696,0.9693043227692264,0.015347838615386696,0.00017613720087526183,0.286297099394027,0.7135267634050977
0.7135267634050978,0.28629709939402703,0.00017613720087526186,0.015347838615386696,0.9693043227692264,0.015347838615386696,0.00017613720087526183,0.286297099394027,0.7135267634050977
0.7135267634050978,0.28629709939402703,0.00017613720087526186,0.015347838615386696,0.9693043227692264,0.015347838615386696,0.00017613720087526183,0.286297099394027,0.7135267634050977
0.6410442282317256,0.3589545092818936,1.2624863806891953e-06,0.018408224210322493,0.9631835515793548,0.018408224210322493,1.2624863806891953e-06,0.3589545092818936,0.6410442282317256
0.7297768394987552,0.2693584924527402,0.0008646680485046916,0.014646470287789174,0.9707070594244217,0.014646470287789174,0.0008646680485046916,0.2693584924527402,0.7297768394987552
0.7131479443628295,0.2866807068328582,0.0001713488043123825,0.01536451026444377,0.9692709794711126,0.01536451026444377,0.0001713488043123825,0.2866807068328582,0.7131479443628295
0.745757449750688,0.25140163837648694,0.002840911872825305,0.014002349119877052,0.9719953017602458,0.014002349119877052,0.0028409118728252984,0.2514016383764868,0.7457574497506879
0.7082881117590163,0.2915979517603783,0.00011393648060520932,0.01557779090838468,0.9688444181832306,0.01557779090838468,0.00011393648060520933,0.29159795176037834,0.7082881117590164
0.7135267634050978,0.28629709939402703,0.00017613720087526186,0.015347838615386696,0.9693043227692264,0.015347838615386696,0.00017613720087526183,0.286297099394027,0.7135267634050977
0.7135267634050978,0.28629709939402703,0.00017613720087526186,0.015347838615386696,0.9693043227692264,0.015347838615386696,0.00017613720087526183,0.286297099394027,0.7135267634050977
0.7135267634050978,0.28629709939402703,0.00017613720087526186,0.015347838615386696,0.9693043227692264,0.015347838615386696,0.00017613720087526183,0.286297099394027,0.7135267634050977
0.7135267634050978,0.28629709939402703,0.00017613720087526186,0.015347838615386696,0.9693043227692264,0.015347838615386696,0.00017613720087526183,0.286297099394027,0.7135267634050977
0.7135267634050978,0.28629709939402703,0.00017613720087526186,0.015347838615386696,0.9693043227692264,0.015347838615386696,0.00017613720087526183,0.286297099394027,0.7135267634050977
0.7135267634050978,0.28629709939402703,0.00017613720087526186,0.015347838615386696,0.9693043227692264,0.015347838615386696,0.00017613720087526183,0.286297099394027,0.7135267634050977
0.7138064360081743,0.2860091948693987,0.00018436912242695934,0.015335734221583663,0.9693285315568322,0.015335734221583663,0.00018436912242695934,0.2860091948693987,0.7138064360081743
0.7135267634050978,0.28629709939402703,0.00017613720087526186,0.015347838615386696,0.9693043227692264,0.015347838615386696,0.00017613720087526183,0.286297099394027,0.7135267634050977
0.7135267634050978,0.28629709939402703,0.00017613720087526186,0.015347838615386696,0.9693043227692264,0.015347838615386696,0.00017613720087526183,0.286297099394027,0.7135267634050977
0.7135267634050978,0.28629709939402703,0.00017613720087526186,0.015347838615386696,0.9693043227692264,0.015347838615386696,0.00017613720087526183,0.286297099394027,0.7135267634050977
0.7125915620343601,0.28724530474854065,0.00016313321709924305,0.015388927859365834,0.9692221442812686,0.015388927859365834,0.00016313321709924308,0.28724530474854065,0.7125915620343602
0.719745099194444,0.27994176483769745,0.00031313596785859956,0.015075551128182754,0.9698488977436344,0.015075551128182754,0.0003131359678585996,0.2799417648376975,0.7197450991944441
0.7135267634050978,0.28629709939402703,0.00017613720087526186,0.015347838615386696,0.9693043227692264,0.015347838615386696,0.00017613720087526183,0.286297099394027,0.7135267634050977
0.7135267634050978,0.28629709939402703,0.00017613720087526186,0.015347838615386696,0.9693043227692264,0.015347838615386696,0.00017613720087526183,0.286297099394027,0.7135267634050977
0.7135025159624481,0.28632166409353604,0.00017581994401594407,0.015348905516453367,0.9693021889670932,0.015348905516453367,0.00017581994401594407,0.28632166409353604,0.7135025159624481
0.7243318699148996,0.2752617663521735,0.0004063637329267834,0.014872870649308992,0.9702542587013824,0.014872870649308992,0.0004063637329267834,0.2752617663521735,0.7243318699148996
0.7135267634050978,0.28629709939402703,0.00017613720087526186,0.015347838615386696,0.9693043227692264,0.015347838615386696,0.00017613720087526183,0.286297099394027,0.7135267634050977
0.7128320102800024,0.2870022114127566,0.00016577830724077787,0.015378337440175366,0.9692433251196497,0.015378337440175366,0.00016577830724077787,0.2870022114127566,0.7128320102800025
0.7135267634050978,0.28629709939402703,0.00017613720087526186,0.015347838615386696,0.9693043227692264,0.015347838615386696,0.00017613720087526183,0.286297099394027,0.7135267634050977
0.7220307167319833,0.2776248555825603,0.0003444276854565715,0.014974028123864854,0.9700519437522704,0.014974028123864854,0.0003444276854565715,0.2776248555825603,0.7220307167319833
0.7135267634050978,0.28629709939402703,0.00017613720087526186,0.015347838615386696,0.9693043227692264,0.015347838615386696,0.00017613720087526183,0.286297099394027,0.7135267634050977
0.7231414326693143,0.2764949314071122,0.0003636359235736078,0.014924758003690329,0.9701504839926198,0.014924758003690329,0.0003636359235736078,0.27649493140711245,0.7231414326693141
0.7135267634050978,0.28629709939402703,0.00017613720087526186,0.015347838615386696,0.9693043227692264,0.015347838615386696,0.00017613720087526183,0.286297099394027,0.7135267634050977
0.7136026542352021,0.2862199514037042,0.00017739436109348388,0.015344510924960211,0.9693109781500798,0.015344510924960211,0.0001773943610934842,0.28621995140370454,0.713602654235202
0.7135267634050978,0.28629709939402703,0.00017613720087526186,0.015347838615386696,0.9693043227692264,0.015347838615386696,0.00017613720087526183,0.286297099394027,0.7135267634050977
0.7135267634050978,0.28629709939402703,0.00017613720087526186,0.015347838615386696,0.9693043227692264,0.015347838615386696,0.00017613720087526183,0.286297099394027,0.7135267634050977
0.7135267634050978,0.28629709939402703,0.00017613720087526186,0.015347838615386696,0.9693043227692264,0.015347838615386696,0.00017613720087526183,0.286297099394027,0.7135267634050977
0.7295811967882433,0.2697478481089569,0.0006709551027997874,0.01464655820112773,0.9707068835977443,0.01464655820112773,0.0006709551027997861,0.26974784810895674,0.7295811967882434
0.7090945980986498,0.29078549207340265,0.00011990982794740467,0.01554233941914955,0.9689153211617008,0.01554233941914955,0.00011990982794740467,0.29078549207340265,0.7090945980986498
0.7135267634050978,0.28629709939402703,0.00017613720087526186,0.015347838615386696,0.9693043227692264,0.015347838615386696,0.00017613720087526183,0.286297099394027,0.7135267634050977
0.7225445176334954,0.2770444984277699,0.0004109839387347765,0.014953848725452162,0.9700923025490957,0.014953848725452162,0.0004109839387347765,0.2770444984277699,0.7225445176334954
0.7135267634050978,0.28629709939402703,0.00017613720087526186,0.015347838615386696,0.9693043227692264,0.015347838615386696,0.00017613720087526183,0.286297099394027,0.7135267634050977
0.7135267634050978,0.28629709939402703,0.00017613720087526186,0.015347838615386696,0.9693043227692264,0.015347838615386696,0.00017613720087526183,0.286297099394027,0.7135267634050977
0.71366228948553,0.28615916204883846,0.00017854846563153843,0.01534190318332741,0.9693161936333451,0.01534190318332741,0.00017854846563153845,0.2861591620488385,0.7136622894855301
0.7135267634050978,0.28629709939402703,0.00017613720087526186,0.015347838615386696,0.9693043227692264,0.015347838615386696,0.00017613720087526183,0.286297099394027,0.7135267634050977
0.7184151408886643,0.2813020834038691,0.0002827757074664018,0.015133934062024564,0.9697321318759512,0.015133934062024564,0.0002827757074664018,0.2813020834038691,0.7184151408886643
0.7131068855174818,0.2867229669435909,0.00017014753892707752,0.015366286318322516,0.969267427363355,0.015366286318322516,0.00017014753892707755,0.28672296694359095,0.7131068855174819
0.7135267634050978,0.28629709939402703,0.00017613720087526186,0.015347838615386696,0.9693043227692264,0.015347838615386696,0.00017613720087526183,0.286297099394027,0.7135267634050977
0.7135267634050978,0.28629709939402703,0.00017613720087526186,0.015347838615386696,0.9693043227692264,0.015347838615386696,0.00017613720087526183,0.286297099394027,0.7135267634050977
0.7066346242257375,0.2932585598034744,0.00010681597078824768,0.015650575949684324,0.9686988481006317,0.015650575949684324,0.00010681597078824767,0.2932585598034743,0.7066346242257374
0.7135267634050978,0.28629709939402703,0.00017613720087526186,0.015347838615386696,0.9693043227692264,0.015347838615386696,0.00017613720087526183,0.286297099394027,0.7135267634050977
0.7135267634050978,0.28629709939402703,0.00017613720087526186,0.015347838615386696,0.9693043227692264,0.015347838615386696,0.00017613720087526183,0.286297099394027,0.7135267634050977
0.729054459946437,0.2703075414586554,0.0006379985949075748,0.01466904566342066,0.9706619086731583,0.01466904566342066,0.0006379985949075748,0.2703075414586554,0.729054459946437
0.7299443538221743,0.26924708807457937,0.0008085581032464393,0.014636281079081135,0.9707274378418375,0.014636281079081135,0.0008085581032464393,0.26924708807457937,0.7299443538221743
0.5316433926041549,0.46835660250192335,4.893921683342492e-09,0.022417351594144756,0.9551652968117106,0.022417351594144756,4.893921683342492e-09,0.46835660250192335,0.5316433926041549
0.5326734255955967,0.4673265695220788,4.882324411878129e-09,0.022383092483245087,0.9552338150335099,0.022383092483245087,4.88232441187813e-09,0.46732656952207885,0.5326734255955967
0.6516026783652328,0.3483964931093585,8.285254088796483e-07,0.01798171751908201,0.9640365649618359,0.01798171751908201,8.285254088796483e-07,0.3483964931093585,0.6516026783652328
0.5338406941996122,0.4661593007168276,5.083560130472432e-09,0.02234418866635361,0.9553116226672929,0.02234418866635361,5.083560130472433e-09,0.4661593007168277,0.5338406941996123
0.5353192257655024,0.46468076888441,5.3500874069532675e-09,0.022294788397637877,0.955410423204724,0.022294788397637877,5.350087406953268e-09,0.46468076888441007,0.5353192257655025
0.5354834799829817,0.4645165146362759,5.380742389430452e-09,0.022289291939569387,0.9554214161208614,0.022289291939569387,5.380742389430451e-09,0.4645165146362759,0.5354834799829817
0.5354324652705309,0.46456752935841733,5.371051870468126e-09,0.022290999231638336,0.9554180015367233,0.022290999231638336,5.371051870468126e-09,0.46456752935841733,0.5354324652705309
0.5350795773795598,0.4649204173139414,5.306498882490162e-09,0.022302804750426033,0.9553943904991482,0.022302804750426033,5.306498882490162e-09,0.4649204173139414,0.5350795773795598
0.5353219050880172,0.46467808956157214,5.350410627824958e-09,0.022294698752697805,0.9554106024946044,0.022294698752697805,5.350410627824956e-09,0.46467808956157214,0.5353219050880172
0.5346601788598165,0.4653398159110256,5.229157850096107e-09,0.022316825181345614,0.9553663496373086,0.022316825181345614,5.229157850096107e-09,0.4653398159110256,0.5346601788598165
0.5350488554840169,0.4649511392161811,5.299801999970326e-09,0.022303832152507957,0.955392335694984,0.022303832152507957,5.299801999970326e-09,0.4649511392161811,0.5350488554840169
0.5335151480547755,0.4664848469192902,5.0259342018300225e-09,0.022355047344083407,0.955289905311833,0.022355047344083407,5.025934201830024e-09,0.4664848469192904,0.5335151480547755
0.5334430868731281,0.4665569081136607,5.01321110857441e-09,0.022357450067484793,0.9552850998650301,0.022357450067484793,5.01321110857441e-09,0.4665569081136607,0.5334430868731281
0.5355183465027431,0.4644816481096578,5.387599319575081e-09,0.022288124979879975,0.9554237500402402,0.022288124979879975,5.3875993195750824e-09,0.46448164810965786,0.5355183465027431
0.5340724991547653,0.4659274957216812,5.123553643201523e-09,0.022336452708746575,0.955327094582507,0.022336452708746575,5.123553643201523e-09,0.4659274957216812,0.5340724991547653
0.5350573211662943,0.464942673532224,5.3014816395750406e-09,0.022303549048927476,0.9553929019021453,0.022303549048927476,5.301481639575045e-09,0.46494267353222407,0.5350573211662943
0.5315441963166848,0.46845579880503674,4.878278452785895e-09,0.02242064737924565,0.9551587052415091,0.02242064737924565,4.878278452785895e-09,0.46845579880503674,0.5315441963166848
0.5339349687485031,0.4660650261517677,5.099729314172969e-09,0.02234104287560647,0.955317914248787,0.02234104287560647,5.099729314172968e-09,0.4660650261517677,0.5339349687485032
0.5353597024390673,0.46464029220348146,5.357451329769828e-09,0.02229343407876963,0.9554131318424606,0.02229343407876963,5.357451329769828e-09,0.4646402922034815,0.5353597024390672
0.535329238617852,0.46467075603036617,5.351781938210021e-09,0.022294453384716847,0.9554110932305665,0.022294453384716847,5.351781938210021e-09,0.46467075603036617,0.535329238617852
0.5353299040140119,0.4646700906339746,5.352013485475693e-09,0.022294431121480558,0.955411137757039,0.022294431121480558,5.352013485475694e-09,0.4646700906339746,0.5353299040140119
0.5349187284902934,0.4650812662336404,5.276065993118981e-09,0.022308183206508913,0.9553836335869819,0.022308183206508913,5.276065993118983e-09,0.46508126623364043,0.5349187284902935
0.5354956423471708,0.464504352269825,5.383004104339821e-09,0.02228888488180549,0.9554222302363895,0.02228888488180549,5.383004104339822e-09,0.46450435226982506,0.5354956423471708
0.5354839391417431,0.46451605547743396,5.380823055765705e-09,0.02228927657231906,0.9554214468553618,0.02228927657231906,5.380823055765704e-09,0.4645160554774339,0.535483939141743
0.5344056784414063,0.46559431637496673,5.183626991372771e-09,0.022325327726334603,0.9553493445473307,0.022325327726334603,5.183626991372771e-09,0.4655943163749668,0.5344056784414063
0.5353369971876384,0.4646629974592362,5.3531252891700785e-09,0.02229419379192235,0.9554116124161552,0.02229419379192235,5.353125289170079e-09,0.46466299745923634,0.5353369971876384
0.5351103335110269,0.46488966117766833,5.311304735117081e-09,0.0223017761441917,0.9553964477116165,0.0223017761441917,5.311304735117079e-09,0.46488966117766833,0.5351103335110269
0.5352902097349365,0.4647097849205329,5.344530820047145e-09,0.022295759188950794,0.9554084816220983,0.022295759188950794,5.344530820047143e-09,0.46470978492053283,0.5352902097349364
0.5352067254218023,0.46479326924908587,5.329111978823123e-09,0.022298552035404783,0.9554028959291903,0.022298552035404783,5.32911197882312e-09,0.4647932692490858,0.5352067254218023
0.534280970731811,0.46571902410690835,5.161280683254174e-09,0.022329492577368423,0.955341014845263,0.022329492577368423,5.161280683254174e-09,0.46571902410690835,0.534280970731811
0.5352192902558339,0.4647807044124628,5.331703118160521e-09,0.022298131725025223,0.9554037365499494,0.022298131725025223,5.331703118160521e-09,0.4647807044124628,0.5352192902558339
0.5353085672431744,0.4646914274087313,5.3480943038020766e-09,0.022295145006671,0.9554097099866578,0.022295145006671,5.3480943038020766e-09,0.4646914274087313,0.5353085672431744
0.5351970493182596,0.4648029453541062,5.327634027965832e-09,0.022298875707196984,0.9554022485856061,0.022298875707196984,5.327634027965833e-09,0.4648029453541063,0.5351970493182598
0.5359940015996553,0.4640059927132914,5.687053264509046e-09,0.022272197520663613,0.9554556049586729,0.022272197520663613,5.687053264509047e-09,0.4640059927132915,0.5359940015996552
0.6518970238708749,0.34810213223968994,8.43889435178267e-07,0.017969727934621253,0.9640605441307578,0.017969727934621253,8.438894351782663e-07,0.3481021322396899,0.651897023870875
0.5353770455747162,0.46462294906444473,5.3608392095319455e-09,0.02229285375920013,0.9554142924815999,0.02229285375920013,5.3608392095319455e-09,0.46462294906444473,0.5353770455747162
0.5351401812593642,0.4648598134237193,5.3169163391241345e-09,0.022300777861293645,0.9553984442774127,0.022300777861293645,5.316916339124135e-09,0.4648598134237194,0.5351401812593642
0.5501352205868663,0.4498647700976171,9.315516472932832e-09,0.021792193136200275,0.9564156137275998,0.021792193136200275,9.315516472932834e-09,0.44986477009761716,0.5501352205868664
0.5344324902934593,0.46556750451896206,5.18757863676174e-09,0.02232443216642476,0.9553511356671504,0.02232443216642476,5.187578636761741e-09,0.46556750451896217,0.5344324902934593
0.5312688366026335,0.4687311585671977,4.830169000107386e-09,0.022429792947964697,0.9551404141040709,0.022429792947964697,4.830169000107385e-09,0.46873115856719766,0.5312688366026332
0.5337140324314928,0.46628596250734045,5.06116688235817e-09,0.02234841429121927,0.9553031714175608,0.02234841429121927,5.061166882358168e-09,0.4662859625073404,0.5337140324314928
0.5355172630068222,0.46448273160610926,5.387068680407099e-09,0.02228816124491714,0.9554236775101659,0.02228816124491714,5.387068680407099e-09,0.46448273160610926,0.5355172630068222
0.5348212300082568,0.46517876473309916,5.258644175810471e-09,0.02231144256707108,0.9553771148658579,0.02231144256707108,5.258644175810471e-09,0.4651787647330992,0.5348212300082568
0.6519490550362322,0.34805009833474926,8.466290183327571e-07,0.017967607982664415,0.9640647840346709,0.017967607982664415,8.466290183327571e-07,0.34805009833474926,0.6519490550362322
0.525497320211317,0.4745026759585104,3.830172510642733e-09,0.022620392341414775,0.9547592153171703,0.022620392341414775,3.830172510642733e-09,0.4745026759585105,0.5254973202113171
0.531348248086073,0.46865174707022283,4.8437042951471186e-09,0.02242715592757266,0.9551456881448542,0.02242715592757266,4.843704295147118e-09,0.4686517470702227,0.531348248086073
0.5349297343446807,0.46507026037752297,5.277796405439094e-09,0.022307815244965785,0.9553843695100682,0.022307815244965785,5.277796405439094e-09,0.46507026037752297,0.5349297343446807
0.6519272038562572,0.34807195068305063,8.454606919917802e-07,0.01796849830467144,0.9640630033906573,0.01796849830467144,8.454606919917802e-07,0.34807195068305063,0.6519272038562572
0.5304046537446194,0.4695953417362807,4.519100055400443e-09,0.022458464421699794,0.9550830711566002,0.022458464421699794,4.51909989364098e-09,0.46959533591065505,0.5304046595702452
0.5318899683218001,0.4681100269244546,4.753745288503761e-09,0.02240915647219146,0.9551816870556172,0.02240915647219146,4.753745288503762e-09,0.46811002692445464,0.5318899683218002
0.5351413079231516,0.4648586867597463,5.317102135952808e-09,0.022300740177988367,0.9553985196440234,0.022300740177988367,5.317102135952808e-09,0.4648586867597463,0.5351413079231516
0.5354256823889861,0.4645743122410691,5.369944886583165e-09,0.02229122621977004,0.9554175475604597,0.02229122621977004,5.369944886583165e-09,0.464574312241069,0.535425682388986
0.5353030016483531,0.46469699300461925,5.347027733915282e-09,0.022295331215527965,0.9554093375689441,0.022295331215527965,5.347027733915282e-09,0.46469699300461925,0.5353030016483531
0.534621987688576,0.46537800708957777,5.221846349577646e-09,0.022318101359733715,0.9553637972805328,0.022318101359733715,5.221846349577646e-09,0.46537800708957777,0.534621987688576
0.5353502137696023,0.4646497808745198,5.355877620193819e-09,0.022293751571676755,0.9554124968566468,0.022293751571676755,5.35587762019382e-09,0.46464978087451986,0.5353502137696025
0.5354505828433296,0.46454941178148407,5.3751863552392834e-09,0.022290392915654145,0.9554192141686916,0.022290392915654145,5.3751863552392834e-09,0.46454941178148407,0.5354505828433296
0.5352674367356934,0.4647325579239227,5.340383665997954e-09,0.022296521069837257,0.9554069578603255,0.022296521069837257,5.340383665997955e-09,0.4647325579239227,0.5352674367356934
0.5229551197111331,0.47704487675954144,3.5293257136953644e-09,0.022703685537144754,0.9545926289257107,0.022703685537144754,3.529325713695364e-09,0.4770448767595413,0.522955119711133
0.5344084787257294,0.4655915160910537,5.1832167230248705e-09,0.022325234194313797,0.955349531611372,0.022325234194313797,5.183216723024872e-09,0.465591516091054,0.5344084787257295
0.535359681896075,0.46464031274632805,5.35759692281139e-09,0.02229343476615363,0.955413130467693,0.02229343476615363,5.35759692281139e-09,0.46464031274632805,0.535359681896075
0.5314537049433093,0.4685462901945988,4.862091703865702e-09,0.02242365340769408,0.955152693184612,0.02242365340769408,4.8620917038657014e-09,0.4685462901945988,0.5314537049433095
0.5349420884136424,0.4650579063055823,5.280775251639291e-09,0.02230740219922407,0.9553851956015519,0.02230740219922407,5.2807752516392914e-09,0.4650579063055824,0.5349420884136424
0.4426932948821416,0.5573067035195785,1.5982797118007223e-09,0.025125691139913274,0.9497486177201735,0.025125691139913274,1.5982797118007227e-09,0.5573067035195786,0.44269329488214165
0.4426932948821416,0.5573067035195785,1.5982797118007223e-09,0.025125691139913274,0.9497486177201735,0.025125691139913274,1.5982797118007227e-09,0.5573067035195786,0.44269329488214165
0.4426932948821416,0.5573067035195785,1.5982797118007223e-09,0.025125691139913274,0.9497486177201735,0.025125691139913274,1.5982797118007227e-09,0.5573067035195786,0.44269329488214165
0.4426932948821416,0.5573067035195785,1.5982797118007223e-09,0.025125691139913274,0.9497486177201735,0.025125691139913274,1.5982797118007227e-09,0.5573067035195786,0.44269329488214165
0.4426932948821416,0.5573067035195785,1.5982797118007223e-09,0.025125691139913274,0.9497486177201735,0.025125691139913274,1.5982797118007227e-09,0.5573067035195786,0.44269329488214165
0.4426932948821416,0.5573067035195785,1.5982797118007223e-09,0.025125691139913274,0.9497486177201735,0.025125691139913274,1.5982797118007227e-09,0.5573067035195786,0.44269329488214165
0.4426932948821416,0.5573067035195785,1.5982797118007223e-09,0.025125691139913274,0.9497486177201735,0.025125691139913274,1.5982797118007227e-09,0.5573067035195786,0.44269329488214165
0.4426932948821416,0.5573067035195785,1.5982797118007223e-09,0.025125691139913274,0.9497486177201735,0.025125691139913274,1.5982797118007227e-09,0.5573067035195786,0.44269329488214165
0.4426932948821416,0.5573067035195785,1.5982797118007223e-09,0.025125691139913274,0.9497486177201735,0.025125691139913274,1.5982797118007227e-09,0.5573067035195786,0.44269329488214165
0.4426932948821416,0.5573067035195785,1.5982797118007223e-09,0.025125691139913274,0.9497486177201735,0.025125691139913274,1.5982797118007227e-09,0.5573067035195786,0.44269329488214165
0.4426932948821416,0.5573067035195785,1.5982797118007223e-09,0.025125691139913274,0.9497486177201735,0.025125691139913274,1.5982797118007227e-09,0.5573067035195786,0.44269329488214165
0.4426932948821416,0.5573067035195785,1.5982797118007223e-09,0.025125691139913274,0.9497486177201735,0.025125691139913274,1.5982797118007227e-09,0.5573067035195786,0.44269329488214165
0.4426932948821416,0.5573067035195785,1.5982797118007223e-09,0.025125691139913274,0.9497486177201735,0.025125691139913274,1.5982797118007227e-09,0.5573067035195786,0.44269329488214165
0.4426932948821416,0.5573067035195785,1.5982797118007223e-09,0.025125691139913274,0.9497486177201735,0.025125691139913274,1.5982797118007227e-09,0.5573067035195786,0.44269329488214165
0.4426932948821416,0.5573067035195785,1.5982797118007223e-09,0.025125691139913274,0.9497486177201735,0.025125691139913274,1.5982797118007227e-09,0.5573067035195786,0.44269329488214165
0.4426932948821416,0.5573067035195785,1.5982797118007223e-09,0.025125691139913274,0.9497486177201735,0.025125691139913274,1.5982797118007227e-09,0.5573067035195786,0.44269329488214165
0.4426932948821416,0.5573067035195785,1.5982797118007223e-09,0.025125691139913274,0.9497486177201735,0.025125691139913274,1.5982797118007227e-09,0.5573067035195786,0.44269329488214165
0.4426932948821416,0.5573067035195785,1.5982797118007223e-09,0.025125691139913274,0.9497486177201735,0.025125691139913274,1.5982797118007227e-09,0.5573067035195786,0.44269329488214165
0.4426932948821416,0.5573067035195785,1.5982797118007223e-09,0.025125691139913274,0.9497486177201735,0.025125691139913274,1.5982797118007227e-09,0.5573067035195786,0.44269329488214165
0.4426932948821416,0.5573067035195785,1.5982797118007223e-09,0.025125691139913274,0.9497486177201735,0.025125691139913274,1.5982797118007227e-09,0.5573067035195786,0.44269329488214165
0.4426932948821416,0.5573067035195785,1.5982797118007223e-09,0.025125691139913274,0.9497486177201735,0.025125691139913274,1.5982797118007227e-09,0.5573067035195786,0.44269329488214165
0.4426932948821416,0.5573067035195785,1.5982797118007223e-09,0.025125691139913274,0.9497486177201735,0.025125691139913274,1.5982797118007227e-09,0.5573067035195786,0.44269329488214165
0.4426932948821416,0.5573067035195785,1.5982797118007223e-09,0.025125691139913274,0.9497486177201735,0.025125691139913274,1.5982797118007227e-09,0.5573067035195786,0.44269329488214165
0.4426932948821416,0.5573067035195785,1.5982797118007223e-09,0.025125691139913274,0.9497486177201735,0.025125691139913274,1.5982797118007227e-09,0.5573067035195786,0.44269329488214165
0.4426932948821416,0.5573067035195785,1.5982797118007223e-09,0.025125691139913274,0.9497486177201735,0.025125691139913274,1.5982797118007227e-09,0.5573067035195786,0.44269329488214165
0.4426932948821416,0.5573067035195785,1.5982797118007223e-09,0.025125691139913274,0.9497486177201735,0.025125691139913274,1.5982797118007227e-09,0.5573067035195786,0.44269329488214165
0.4426932948821416,0.5573067035195785,1.5982797118007223e-09,0.025125691139913274,0.9497486177201735,0.025125691139913274,1.5982797118007227e-09,0.5573067035195786,0.44269329488214165
0.4426932948821416,0.5573067035195785,1.5982797118007223e-09,0.025125691139913274,0.9497486177201735,0.025125691139913274,1.5982797118007227e-09,0.5573067035195786,0.44269329488214165
0.4426932948821416,0.5573067035195785,1.5982797118007223e-09,0.025125691139913274,0.9497486177201735,0.025125691139913274,1.5982797118007227e-09,0.5573067035195786,0.44269329488214165
0.4426932948821416,0.5573067035195785,1.5982797118007223e-09,0.025125691139913274,0.9497486177201735,0.025125691139913274,1.5982797118007227e-09,0.5573067035195786,0.44269329488214165
0.4426932948821416,0.5573067035195785,1.5982797118007223e-09,0.025125691139913274,0.9497486177201735,0.025125691139913274,1.5982797118007227e-09,0.5573067035195786,0.44269329488214165
0.4426932948821416,0.5573067035195785,1.5982797118007223e-09,0.025125691139913274,0.9497486177201735,0.025125691139913274,1.5982797118007227e-09,0.5573067035195786,0.44269329488214165
0.4426932948821416,0.5573067035195785,1.5982797118007223e-09,0.025125691139913274,0.9497486177201735,0.025125691139913274,1.5982797118007227e-09,0.5573067035195786,0.44269329488214165
0.4426932948821416,0.5573067035195785,1.5982797118007223e-09,0.025125691139913274,0.9497486177201735,0.025125691139913274,1.5982797118007227e-09,0.5573067035195786,0.44269329488214165
0.4426932948821416,0.5573067035195785,1.5982797118007223e-09,0.025125691139913274,0.9497486177201735,0.025125691139913274,1.5982797118007227e-09,0.5573067035195786,0.44269329488214165
0.4426932948821416,0.5573067035195785,1.5982797118007223e-09,0.025125691139913274,0.9497486177201735,0.025125691139913274,1.5982797118007227e-09,0.5573067035195786,0.44269329488214165
0.4426932948821416,0.5573067035195785,1.5982797118007223e-09,0.025125691139913274,0.9497486177201735,0.025125691139913274,1.5982797118007227e-09,0.5573067035195786,0.44269329488214165
0.4426932948821416,0.5573067035195785,1.5982797118007223e-09,0.025125691139913274,0.9497486177201735,0.025125691139913274,1.5982797118007227e-09,0.5573067035195786,0.44269329488214165
0.4426932948821416,0.5573067035195785,1.5982797118007223e-09,0.025125691139913274,0.9497486177201735,0.025125691139913274,1.5982797118007227e-09,0.5573067035195786,0.44269329488214165
0.4426932948821416,0.5573067035195785,1.5982797118007223e-09,0.025125691139913274,0.9497486177201735,0.025125691139913274,1.5982797118007227e-09,0.5573067035195786,0.44269329488214165
0.4426932948821416,0.5573067035195785,1.5982797118007223e-09,0.025125691139913274,0.9497486177201735,0.025125691139913274,1.5982797118007227e-09,0.5573067035195786,0.44269329488214165
0.4426932948821416,0.5573067035195785,1.5982797118007223e-09,0.025125691139913274,0.9497486177201735,0.025125691139913274,1.5982797118007227e-09,0.5573067035195786,0.44269329488214165
0.4426932948821416,0.5573067035195785,1.5982797118007223e-09,0.025125691139913274,0.9497486177201735,0.025125691139913274,1.5982797118007227e-09,0.5573067035195786,0.44269329488214165
0.4426932948821416,0.5573067035195785,1.5982797118007223e-09,0.025125691139913274,0.9497486177201735,0.025125691139913274,1.5982797118007227e-09,0.5573067035195786,0.44269329488214165
0.4426932948821416,0.5573067035195785,1.5982797118007223e-09,0.025125691139913274,0.9497486177201735,0.025125691139913274,1.5982797118007227e-09,0.5573067035195786,0.44269329488214165
0.4426932948821416,0.5573067035195785,1.5982797118007223e-09,0.025125691139913274,0.9497486177201735,0.025125691139913274,1.5982797118007227e-09,0.5573067035195786,0.44269329488214165
0.4426932948821416,0.5573067035195785,1.5982797118007223e-09,0.025125691139913274,0.9497486177201735,0.025125691139913274,1.5982797118007227e-09,0.5573067035195786,0.44269329488214165
0.4426932948821416,0.5573067035195785,1.5982797118007223e-09,0.025125691139913274,0.9497486177201735,0.025125691139913274,1.5982797118007227e-09,0.5573067035195786,0.44269329488214165
0.4426932948821416,0.5573067035195785,1.5982797118007223e-09,0.025125691139913274,0.9497486177201735,0.025125691139913274,1.5982797118007227e-09,0.5573067035195786,0.44269329488214165
0.4426932948821416,0.5573067035195785,1.5982797118007223e-09,0.025125691139913274,0.9497486177201735,0.025125691139913274,1.5982797118007227e-09,0.5573067035195786,0.44269329488214165
0.4426932948821416,0.5573067035195785,1.5982797118007223e-09,0.025125691139913274,0.9497486177201735,0.025125691139913274,1.5982797118007227e-09,0.5573067035195786,0.44269329488214165
0.4426932948821416,0.5573067035195785,1.5982797118007223e-09,0.025125691139913274,0.9497486177201735,0.025125691139913274,1.5982797118007227e-09,0.5573067035195786,0.44269329488214165
0.4426932948821416,0.5573067035195785,1.5982797118007223e-09,0.025125691139913274,0.9497486177201735,0.025125691139913274,1.5982797118007227e-09,0.5573067035195786,0.44269329488214165
0.4426932948821416,0.5573067035195785,1.5982797118007223e-09,0.025125691139913274,0.9497486177201735,0.025125691139913274,1.5982797118007227e-09,0.5573067035195786,0.44269329488214165
0.4426932948821416,0.5573067035195785,1.5982797118007223e-09,0.025125691139913274,0.9497486177201735,0.025125691139913274,1.5982797118007227e-09,0.5573067035195786,0.44269329488214165
0.4426932948821416,0.5573067035195785,1.5982797118007223e-09,0.025125691139913274,0.9497486177201735,0.025125691139913274,1.5982797118007227e-09,0.5573067035195786,0.44269329488214165
0.4426932948821416,0.5573067035195785,1.5982797118007223e-09,0.025125691139913274,0.9497486177201735,0.025125691139913274,1.5982797118007227e-09,0.5573067035195786,0.44269329488214165
0.4426932948821416,0.5573067035195785,1.5982797118007223e-09,0.025125691139913274,0.9497486177201735,0.025125691139913274,1.5982797118007227e-09,0.5573067035195786,0.44269329488214165
0.4426932948821416,0.5573067035195785,1.5982797118007223e-09,0.025125691139913274,0.9497486177201735,0.025125691139913274,1.5982797118007227e-09,0.5573067035195786,0.44269329488214165
0.4426932948821416,0.5573067035195785,1.5982797118007223e-09,0.025125691139913274,0.9497486177201735,0.025125691139913274,1.5982797118007227e-09,0.5573067035195786,0.44269329488214165
0.4426932948821416,0.5573067035195785,1.5982797118007223e-09,0.025125691139913274,0.9497486177201735,0.025125691139913274,1.5982797118007227e-09,0.5573067035195786,0.44269329488214165
0.4426932948821416,0.5573067035195785,1.5982797118007223e-09,0.025125691139913274,0.9497486177201735,0.025125691139913274,1.5982797118007227e-09,0.5573067035195786,0.44269329488214165
0.5902977316233862,0.4097021941194968,7.425711712684357e-08,0.020360896955292324,0.9592782060894155,0.020360896955292324,7.42571171268436e-08,0.4097021941194968,0.590297731623386
0.5902977316233862,0.4097021941194968,7.425711712684357e-08,0.020360896955292324,0.9592782060894155,0.020360896955292324,7.42571171268436e-08,0.4097021941194968,0.590297731623386
0.5902977316233862,0.4097021941194968,7.425711712684357e-08,0.020360896955292324,0.9592782060894155,0.020360896955292324,7.42571171268436e-08,0.4097021941194968,0.590297731623386
0.5902977316233862,0.4097021941194968,7.425711712684357e-08,0.020360896955292324,0.9592782060894155,0.020360896955292324,7.42571171268436e-08,0.4097021941194968,0.590297731623386
0.5902977316233862,0.4097021941194968,7.425711712684357e-08,0.020360896955292324,0.9592782060894155,0.020360896955292324,7.42571171268436e-08,0.4097021941194968,0.590297731623386
0.5902977316233862,0.4097021941194968,7.425711712684357e-08,0.020360896955292324,0.9592782060894155,0.020360896955292324,7.42571171268436e-08,0.4097021941194968,0.590297731623386
0.5902977316233862,0.4097021941194968,7.425711712684357e-08,0.020360896955292324,0.9592782060894155,0.020360896955292324,7.42571171268436e-08,0.4097021941194968,0.590297731623386
0.5902977316233862,0.4097021941194968,7.425711712684357e-08,0.020360896955292324,0.9592782060894155,0.020360896955292324,7.42571171268436e-08,0.4097021941194968,0.590297731623386
0.5902977316233862,0.4097021941194968,7.425711712684357e-08,0.020360896955292324,0.9592782060894155,0.020360896955292324,7.42571171268436e-08,0.4097021941194968,0.590297731623386
0.5902977316233862,0.4097021941194968,7.425711712684357e-08,0.020360896955292324,0.9592782060894155,0.020360896955292324,7.42571171268436e-08,0.4097021941194968,0.590297731623386
0.5902977316233862,0.4097021941194968,7.425711712684357e-08,0.020360896955292324,0.9592782060894155,0.020360896955292324,7.42571171268436e-08,0.4097021941194968,0.590297731623386
0.5902977316233862,0.4097021941194968,7.425711712684357e-08,0.020360896955292324,0.9592782060894155,0.020360896955292324,7.42571171268436e-08,0.4097021941194968,0.590297731623386
0.5902977316233862,0.4097021941194968,7.425711712684357e-08,0.020360896955292324,0.9592782060894155,0.020360896955292324,7.42571171268436e-08,0.4097021941194968,0.590297731623386
0.5902977316233862,0.4097021941194968,7.425711712684357e-08,0.020360896955292324,0.9592782060894155,0.020360896955292324,7.42571171268436e-08,0.4097021941194968,0.590297731623386
0.5902977316233862,0.4097021941194968,7.425711712684357e-08,0.020360896955292324,0.9592782060894155,0.020360896955292324,7.42571171268436e-08,0.4097021941194968,0.590297731623386
0.5902977316233862,0.4097021941194968,7.425711712684357e-08,0.020360896955292324,0.9592782060894155,0.020360896955292324,7.42571171268436e-08,0.4097021941194968,0.590297731623386
0.5902977316233862,0.4097021941194968,7.425711712684357e-08,0.020360896955292324,0.9592782060894155,0.020360896955292324,7.42571171268436e-08,0.4097021941194968,0.590297731623386
0.5902977316233862,0.4097021941194968,7.425711712684357e-08,0.020360896955292324,0.9592782060894155,0.020360896955292324,7.42571171268436e-08,0.4097021941194968,0.590297731623386
0.5902977316233862,0.4097021941194968,7.425711712684357e-08,0.020360896955292324,0.9592782060894155,0.020360896955292324,7.42571171268436e-08,0.4097021941194968,0.590297731623386
0.5902977316233862,0.4097021941194968,7.425711712684357e-08,0.020360896955292324,0.9592782060894155,0.020360896955292324,7.42571171268436e-08,0.4097021941194968,0.590297731623386
0.5902977316233862,0.4097021941194968,7.425711712684357e-08,0.020360896955292324,0.9592782060894155,0.020360896955292324,7.42571171268436e-08,0.4097021941194968,0.590297731623386
0.5902977316233862,0.4097021941194968,7.425711712684357e-08,0.020360896955292324,0.9592782060894155,0.020360896955292324,7.42571171268436e-08,0.4097021941194968,0.590297731623386
0.5902977316233862,0.4097021941194968,7.425711712684357e-08,0.020360896955292324,0.9592782060894155,0.020360896955292324,7.42571171268436e-08,0.4097021941194968,0.590297731623386
0.5902977316233862,0.4097021941194968,7.425711712684357e-08,0.020360896955292324,0.9592782060894155,0.020360896955292324,7.42571171268436e-08,0.4097021941194968,0.590297731623386
0.5902977316233862,0.4097021941194968,7.425711712684357e-08,0.020360896955292324,0.9592782060894155,0.020360896955292324,7.42571171268436e-08,0.4097021941194968,0.590297731623386
0.5902977316233862,0.4097021941194968,7.425711712684357e-08,0.020360896955292324,0.9592782060894155,0.020360896955292324,7.42571171268436e-08,0.4097021941194968,0.590297731623386
0.5902977316233862,0.4097021941194968,7.425711712684357e-08,0.020360896955292324,0.9592782060894155,0.020360896955292324,7.42571171268436e-08,0.4097021941194968,0.590297731623386
0.5902977316233862,0.4097021941194968,7.425711712684357e-08,0.020360896955292324,0.9592782060894155,0.020360896955292324,7.42571171268436e-08,0.4097021941194968,0.590297731623386
0.5902977316233862,0.4097021941194968,7.425711712684357e-08,0.020360896955292324,0.9592782060894155,0.020360896955292324,7.42571171268436e-08,0.4097021941194968,0.590297731623386
0.5902977316233862,0.4097021941194968,7.425711712684357e-08,0.020360896955292324,0.9592782060894155,0.020360896955292324,7.42571171268436e-08,0.4097021941194968,0.590297731623386
0.5902977316233862,0.4097021941194968,7.425711712684357e-08,0.020360896955292324,0.9592782060894155,0.020360896955292324,7.42571171268436e-08,0.4097021941194968,0.590297731623386
0.5902977316233862,0.4097021941194968,7.425711712684357e-08,0.020360896955292324,0.9592782060894155,0.020360896955292324,7.42571171268436e-08,0.4097021941194968,0.590297731623386
0.5902977316233862,0.4097021941194968,7.425711712684357e-08,0.020360896955292324,0.9592782060894155,0.020360896955292324,7.42571171268436e-08,0.4097021941194968,0.590297731623386
0.5902977316233862,0.4097021941194968,7.425711712684357e-08,0.020360896955292324,0.9592782060894155,0.020360896955292324,7.42571171268436e-08,0.4097021941194968,0.590297731623386
0.5902977316233862,0.4097021941194968,7.425711712684357e-08,0.020360896955292324,0.9592782060894155,0.020360896955292324,7.42571171268436e-08,0.4097021941194968,0.590297731623386
0.5902977316233862,0.4097021941194968,7.425711712684357e-08,0.020360896955292324,0.9592782060894155,0.020360896955292324,7.42571171268436e-08,0.4097021941194968,0.590297731623386
0.5902977316233862,0.4097021941194968,7.425711712684357e-08,0.020360896955292324,0.9592782060894155,0.020360896955292324,7.42571171268436e-08,0.4097021941194968,0.590297731623386
0.5902977316233862,0.4097021941194968,7.425711712684357e-08,0.020360896955292324,0.9592782060894155,0.020360896955292324,7.42571171268436e-08,0.4097021941194968,0.590297731623386
0.5902977316233862,0.4097021941194968,7.425711712684357e-08,0.020360896955292324,0.9592782060894155,0.020360896955292324,7.42571171268436e-08,0.4097021941194968,0.590297731623386
0.5902977316233862,0.4097021941194968,7.425711712684357e-08,0.020360896955292324,0.9592782060894155,0.020360896955292324,7.42571171268436e-08,0.4097021941194968,0.590297731623386
0.5902977316233862,0.4097021941194968,7.425711712684357e-08,0.020360896955292324,0.9592782060894155,0.020360896955292324,7.42571171268436e-08,0.4097021941194968,0.590297731623386
0.5902977316233862,0.4097021941194968,7.425711712684357e-08,0.020360896955292324,0.9592782060894155,0.020360896955292324,7.42571171268436e-08,0.4097021941194968,0.590297731623386
0.5902977316233862,0.4097021941194968,7.425711712684357e-08,0.020360896955292324,0.9592782060894155,0.020360896955292324,7.42571171268436e-08,0.4097021941194968,0.590297731623386
0.5902977316233862,0.4097021941194968,7.425711712684357e-08,0.020360896955292324,0.9592782060894155,0.020360896955292324,7.42571171268436e-08,0.4097021941194968,0.590297731623386
0.5902977316233862,0.4097021941194968,7.425711712684357e-08,0.020360896955292324,0.9592782060894155,0.020360896955292324,7.42571171268436e-08,0.4097021941194968,0.590297731623386
0.5902977316233862,0.4097021941194968,7.425711712684357e-08,0.020360896955292324,0.9592782060894155,0.020360896955292324,7.42571171268436e-08,0.4097021941194968,0.590297731623386
0.5902977316233862,0.4097021941194968,7.425711712684357e-08,0.020360896955292324,0.9592782060894155,0.020360896955292324,7.42571171268436e-08,0.4097021941194968,0.590297731623386
0.5902977316233862,0.4097021941194968,7.425711712684357e-08,0.020360896955292324,0.9592782060894155,0.020360896955292324,7.42571171268436e-08,0.4097021941194968,0.590297731623386
0.5902977316233862,0.4097021941194968,7.425711712684357e-08,0.020360896955292324,0.9592782060894155,0.020360896955292324,7.42571171268436e-08,0.4097021941194968,0.590297731623386
0.5902977316233862,0.4097021941194968,7.425711712684357e-08,0.020360896955292324,0.9592782060894155,0.020360896955292324,7.42571171268436e-08,0.4097021941194968,0.590297731623386
0.5902977316233862,0.4097021941194968,7.425711712684357e-08,0.020360896955292324,0.9592782060894155,0.020360896955292324,7.42571171268436e-08,0.4097021941194968,0.590297731623386
0.5902977316233862,0.4097021941194968,7.425711712684357e-08,0.020360896955292324,0.9592782060894155,0.020360896955292324,7.42571171268436e-08,0.4097021941194968,0.590297731623386
0.5902977316233862,0.4097021941194968,7.425711712684357e-08,0.020360896955292324,0.9592782060894155,0.020360896955292324,7.42571171268436e-08,0.4097021941194968,0.590297731623386
0.5902977316233862,0.4097021941194968,7.425711712684357e-08,0.020360896955292324,0.9592782060894155,0.020360896955292324,7.42571171268436e-08,0.4097021941194968,0.590297731623386
0.5902977316233862,0.4097021941194968,7.425711712684357e-08,0.020360896955292324,0.9592782060894155,0.020360896955292324,7.42571171268436e-08,0.4097021941194968,0.590297731623386
0.5902977316233862,0.4097021941194968,7.425711712684357e-08,0.020360896955292324,0.9592782060894155,0.020360896955292324,7.42571171268436e-08,0.4097021941194968,0.590297731623386
0.5902977316233862,0.4097021941194968,7.425711712684357e-08,0.020360896955292324,0.9592782060894155,0.020360896955292324,7.42571171268436e-08,0.4097021941194968,0.590297731623386
0.5902977316233862,0.4097021941194968,7.425711712684357e-08,0.020360896955292324,0.9592782060894155,0.020360896955292324,7.42571171268436e-08,0.4097021941194968,0.590297731623386
0.5902977316233862,0.4097021941194968,7.425711712684357e-08,0.020360896955292324,0.9592782060894155,0.020360896955292324,7.42571171268436e-08,0.4097021941194968,0.590297731623386
0.5902977316233862,0.4097021941194968,7.425711712684357e-08,0.020360896955292324,0.9592782060894155,0.020360896955292324,7.42571171268436e-08,0.4097021941194968,0.590297731623386
0.5902977316233862,0.4097021941194968,7.425711712684357e-08,0.020360896955292324,0.9592782060894155,0.020360896955292324,7.42571171268436e-08,0.4097021941194968,0.590297731623386
0.5902977316233862,0.4097021941194968,7.425711712684357e-08,0.020360896955292324,0.9592782060894155,0.020360896955292324,7.42571171268436e-08,0.4097021941194968,0.590297731623386
