Residual,AverageMatch,Mean,Variance,Skewness,Kurtosis
3.13424850200247e-06,2.3333333333333335,0.0044215770675777736,0.00437882818911864,-1.1782479365279075,4.658372582888473
2.132592171963394e-06,2.4444444444444446,0.0019251943517921174,0.0014903568251056752,-0.10915769288867792,2.77847711038785
7.574792343799773e-06,2.888888888888889,-0.0017322156536280448,0.0007436980149280989,-0.6756405059252271,4.735600661029909
3.7978392351680954e-06,2.7777777777777777,-5.0733324892025755e-05,0.0003080038999301963,-0.49325947711653123,3.515314052256768
0.003949747906375005,2.6666666666666665,-0.004094098914520186,0.001648892402006008,0.504508785765699,4.006014436248644
7.591194330635711e-05,2.888888888888889,0.0007825578765220107,0.0011008513462089171,-0.0024338863678695015,3.205575210840473
6.593988885690853e-06,3.0,0.001575159892583231,0.000992657116117592,-0.09806395917524507,3.112141083350101
0.00017214700095303032,2.3333333333333335,-0.0001817435048068766,0.004026042479167284,-0.025350817230448276,3.172104463204337
0.0013031818034316067,2.888888888888889,0.005305600980035,0.0015074755702344613,0.6176975060597616,4.564863819462277
4.847268137301959e-06,2.6666666666666665,0.0014326341887593277,0.002720458087513882,-0.4582768414768892,3.697232596142243
2.59077559800271e-06,3.0,0.0021376869436295688,0.0004112734922067895,-0.34785054261852166,3.634285898222116
3.620410534338007e-06,2.7777777777777777,-0.00012627803597072712,0.0004491337305738812,-0.6461666847009588,3.949169225817368
1.444909362431009e-05,2.888888888888889,-0.0009301028295064727,0.00047279025473031736,0.23682641828865458,2.9502226108325096
0.012640099407972791,2.0,-0.005068501916743158,0.010558471500491889,-0.10153309625846063,3.601130424054567
4.452653431364086e-06,2.7777777777777777,0.00412158030555496,0.0010725004070815671,-0.30416366459215816,3.551730450445991
0.00015030511511732633,2.5555555555555554,-0.006507232206964556,0.00203305977599929,0.0830979252636766,3.1720924397481407
3.89037136193726e-06,2.5555555555555554,-0.0013598195522474814,0.005009008577465151,-0.5042287582489563,3.1621820603068014
6.841597185412117e-06,3.0,0.0012631442596645543,0.0023964251107436124,-0.3100586066390941,3.3377953652943604
3.5398986292215412e-06,2.888888888888889,0.00043500708298858725,0.0003585987759020035,-0.6378171369789146,4.422713344445191
3.72974747438294e-06,2.7777777777777777,0.0007055181836573024,0.0006428561934636165,-0.7098338459085556,4.081826980027509
5.04934802158506e-06,2.888888888888889,-0.0018571588571844075,0.000449949943829547,-0.07741691372174747,3.069837753952966
3.277374285063791e-06,2.7777777777777777,0.004256941549130682,0.0016499636089452468,-0.3032616358812611,3.697005013245359
4.495216699266792e-06,2.7777777777777777,-0.0022232359790709914,0.002391487947068322,-0.199283580486332,3.2668999693984078
0.00027933824182839386,2.6666666666666665,-0.0027577099939013567,0.001707968061778061,0.04633792255170209,2.9499768922697838
4.142650754458511e-06,2.4444444444444446,-0.0006631324893353552,0.0018925237617474476,-0.4246779132241535,3.3990924712585975
4.282364840829818e-06,2.6666666666666665,-0.0021892149889876544,0.0014711369387852772,-0.2820391662914463,3.624825616800293
5.515000201377845e-06,2.888888888888889,0.002120403083071053,0.0006431568633646975,-0.14353572797475223,3.1454054904278514
4.950820715600919e-06,2.888888888888889,-0.00148986356671358,0.00041565157844348675,-0.22415512655121622,3.207729488198019
4.901818332809039e-06,2.6666666666666665,0.004169604490003204,0.0030199563185403407,-0.2067257944200397,3.5241461535210514
0.0035112435611992865,2.888888888888889,0.0020007247094249187,0.0015843475678371784,0.6435594067502571,4.409182486698794
2.831504773101145e-05,2.6666666666666665,0.0029505238410333476,0.0018176918545182597,-0.11711269971538019,3.1120322137028174
4.493026344591087e-06,2.6666666666666665,0.0005833768063088746,0.001278550355915371,-0.502739301443833,4.294068383296088
4.357658530549335e-06,2.7777777777777777,-0.0001861498145833329,0.0013707887154963596,-0.32553390119380105,3.4401522024776345
7.132501894776672e-06,2.5555555555555554,-0.004408927183404002,0.0021518861999293656,-0.11846891487395447,3.8567631628698535
4.685684003222963e-06,2.7777777777777777,0.0015844012362182934,0.0011193890238257276,-0.6910918858548349,4.278906418902369
4.976242235546642e-06,2.888888888888889,-0.001452605997715925,0.0015205262795504998,-0.02008743747757666,3.1353924809025187
6.032420927039834e-06,2.7777777777777777,-0.00047569939915720897,0.0002474226258362586,-0.23936132078199426,3.455318399092545
4.852868104792089e-06,2.4444444444444446,0.002583194241067477,0.0037366570392918463,-0.19364338721021493,2.88298284092586
3.6427698501299092e-06,3.0,-0.001993672967075661,0.0013750138863456703,-0.4244109242838269,3.844170968755377
6.559000883694368e-06,2.5555555555555554,-0.0066506727288039615,0.001627600836325176,-0.5814678502935139,4.092132977441905
9.266176883736825e-06,3.111111111111111,-0.0005697321612275865,0.0004302178624808154,-0.11785486245935833,3.2122939726877453
0.0001493895071929703,2.7777777777777777,-0.003660772964172828,0.0008353451253353008,0.537232987928301,3.1830243719494398
2.7788882857230933e-06,2.6666666666666665,-0.001835335595396464,0.0011647343956053375,-0.39471659639172624,3.1899287393053526
4.0323464585844545e-06,2.7777777777777777,-0.0010170135485914906,0.0007626326753255787,-0.8569290191085085,4.806211893055526
5.608491727283013e-06,2.888888888888889,0.0016827834814388842,0.00037695726090284087,-0.4440845469485561,3.7035192969303363
2.4461518792758693e-06,2.888888888888889,-0.0016980830172899557,0.0020380937745972144,-0.15920959275324484,4.036786667176412
3.543072914198137e-06,2.7777777777777777,-0.002170454903735803,0.0005522423753639128,-0.24500740400581905,3.197358485689058
8.640971763443756e-06,2.5555555555555554,-0.005733367338172277,0.003020646446295241,-1.0488548979643277,4.905490717677672
7.864481502709345e-06,2.5555555555555554,0.001530031437242465,0.001290334568499914,-0.7100552360898962,4.175927987025806
2.6860370679915225e-06,2.5555555555555554,-0.00045950917952200087,0.0009016283504626074,-0.15477864234419758,3.174761124563941
3.7714672149700095e-06,2.7777777777777777,-0.000495665728951533,0.0005073784643296801,-0.19582636737489872,3.021136502099427
1.3023293478929373e-05,2.888888888888889,-0.0033424333460462903,0.0013865448325108443,0.09252553622637077,2.911740844888046
4.025233108004124e-06,2.7777777777777777,0.0005840404325023763,0.0004016009868521353,-0.5939136740398918,4.226682535289866
7.22073791235893e-05,2.888888888888889,-0.0008480167620086593,0.0003676169895616127,0.1942860298949389,3.030236148496375
7.853356315111725e-06,2.7777777777777777,0.00024300464388361478,0.0016796211464035686,-0.874798419737585,4.219756331137181
1.2560918697254608e-05,2.3333333333333335,-0.00021890106629352023,0.0029948068838506615,-0.7720186563736389,5.948825933380407
3.1637103345083497e-06,2.7777777777777777,0.003299612186992714,0.0010125570895664223,-0.3248044350374469,3.406192193628984
4.26007717506555e-06,3.7777777777777777,0.0013751421165107153,0.0005926694493485395,0.06640271435429969,4.070691743951766
6.422711870784461e-06,2.5555555555555554,-0.0009419209850477031,0.0018255348826230547,-0.6356846454126678,3.8573504983957347
6.466232273843733e-05,2.6666666666666665,0.00230475189356768,0.0003000597374892765,0.16366653874298717,2.8174575006093328
0.0036250760028758147,2.6666666666666665,0.0011553699718251658,0.003098675168777584,0.47010290522589493,3.5426174737443814
0.0004651197097213163,2.7777777777777777,0.004854320884118502,0.0027188154406169148,0.4156857338376201,4.677031584047442
4.289819362131332e-06,2.7777777777777777,0.002019023944239907,0.0002026556633546707,-0.26728805954066803,3.835997058043143
4.289819362131332e-06,2.7777777777777777,-0.0003562983431011602,0.00021365786749371214,-0.5366096145341244,3.7937439230929124
3.3698021426705035e-06,2.7777777777777777,-0.0008829356000150396,0.00018935017205219825,-0.4529980937633944,3.9312935822237196
7.973632907293314e-06,2.888888888888889,-0.0006509580769694303,0.00022073109043585731,-0.7708887576860024,3.915041397356884
5.481252988363892e-06,2.7777777777777777,0.0009300938974557575,0.0001950790214915534,-0.37367524487212905,3.9095434954423784
4.0517213154932764e-06,2.7777777777777777,0.0010689652679514924,0.0001712301978770031,-0.21056399481099047,3.796678754023275
5.262596899875939e-06,2.7777777777777777,-0.0005657111427938763,0.00021776074065905126,-0.27510054118995747,3.9342644381949863
5.736841441130467e-06,2.7777777777777777,-0.0007868255076817286,0.0001979583481139778,-0.4511510821107927,3.879864290854833
4.289819362131332e-06,2.7777777777777777,0.000727442450498202,0.0002165615942471551,-0.7510784435365342,3.9643785203921005
2.0885059118493487e-06,2.6666666666666665,0.0011282780864870067,0.000224854020744179,-0.5657994641203272,3.625492197443542
3.928529114799872e-06,2.7777777777777777,-0.0003415363517875675,0.0002492743680791227,-0.7279669035548448,4.052708527476526
4.647946417167124e-06,2.7777777777777777,0.000260923525891361,0.00022207885469514423,-0.49282050071958616,3.501277725688896
6.517628002687688e-06,2.7777777777777777,-0.0013593375292081642,0.00026642517154798056,-0.7098547117082015,3.7913280942527874
4.289819362131332e-06,2.7777777777777777,-0.0010095119721199536,0.0002312790258535808,-0.74012505345936,3.9435859293012885
4.289819362131332e-06,2.7777777777777777,-0.0007571339790899654,0.0002297413179553818,-0.5068087484484941,4.028102077188237
4.289819362131332e-06,2.7777777777777777,-4.453729288764507e-05,0.00020959529479950247,-0.4792361367521378,3.7140306416494693
2.0885059118493487e-06,2.7777777777777777,-1.4845764295881803e-05,0.00020518912362266513,-0.6058153923593107,4.07362349655611
4.289819362131332e-06,2.6666666666666665,0.0013064272580375872,0.00022574266030925537,-0.3618403430328693,3.8365922187585415
5.545805256819021e-06,2.7777777777777777,7.548215191526264e-05,0.00021399447792616252,-0.5375304575663113,3.996890864064979
5.112994859578019e-06,2.7777777777777777,0.00035680003513893234,0.0002292891922557581,-0.4568255407245497,3.8110166650767203
5.80251743157828e-06,2.7777777777777777,-0.0005354386493916033,0.0002209282338958739,-0.4990631764090735,3.6890410012500343
6.307646020054323e-06,2.7777777777777777,-0.0025889600542891153,0.00021881879213030977,-0.46875167303346404,3.745820342005804
4.198448330214664e-06,2.7777777777777777,0.00020781823602243133,0.00024586638226137915,-0.6743918752097472,3.964852996648705
1.3266907767784183e-06,2.7777777777777777,0.00045993751086867484,0.00020604791172971294,-0.479325218782505,3.8889648225138145
4.289819362131332e-06,2.7777777777777777,-0.0007422882147940835,0.00021191144390401333,-0.5426865343654355,3.951516513098375
5.53889053967118e-06,2.7777777777777777,1.4901045462139412e-05,0.00018762455466455325,-0.7357978883458689,3.935758261548866
4.3613153457891265e-06,2.7777777777777777,-0.0010059268642310633,0.0002466174776933442,-0.5151467267991366,3.810749191440832
4.873297283605354e-06,2.7777777777777777,-0.0010156599285975744,0.0002095647682761235,-0.6810351498216463,3.8330007642450643
2.0885059118493487e-06,2.7777777777777777,-0.0002820695216217517,0.00019893867271354623,-0.2769941394061376,3.893199120378133
4.289819362131332e-06,2.6666666666666665,0.0005492932789476217,0.0002075323815234321,-0.3563079541969445,3.7479695815146963
2.5128395385934033e-06,2.7777777777777777,-0.0001639027783379926,0.00021111180389838476,-0.5215741571349953,3.903933560542181
6.001997442690045e-06,2.7777777777777777,-0.0003571219342651478,0.00024165960788090831,-0.5151650479181591,3.856276911557019
4.289819362131332e-06,2.7777777777777777,-2.9691528591763274e-05,0.0002221590096822359,-0.571088703852743,3.9686242052812157
2.0885059118493487e-06,2.6666666666666665,0.0003562983431011602,0.00019867089070174865,-0.6927870368103288,3.633436937063221
6.278259413308547e-06,2.888888888888889,0.0010628348722024636,0.00022767031719031562,-0.492572538547888,4.06055198212862
3.7591737937825242e-06,2.7777777777777777,-0.0003562983431011604,0.00022688167054544465,-0.5666738447750908,4.060294805570522
2.479272014477686e-06,2.888888888888889,0.00029783333582435016,0.00019594867330552656,-0.44429461679974575,3.7405547372460113
4.289819362131332e-06,2.7777777777777777,0.0008462085648652553,0.00024061833675886684,-0.6556067164569472,4.1798258148098775
3.8229185255882055e-06,2.7777777777777777,0.001805305061758978,0.00020074594129304747,-0.5677409850681532,3.771757842115069
3.206688418898733e-06,2.7777777777777777,0.0004156814002846869,0.00020876329719083088,-0.5310767778433748,3.916345593181227
5.93135993916028e-06,2.7777777777777777,-0.0002392439803896973,0.000246780266601388,-0.5786693319619288,3.643285765169709
4.289819362131332e-06,2.7777777777777777,-0.00044537292887645023,0.0002268102620089653,-0.5147236447023578,3.9003183143975897
5.589393638451973e-06,2.7777777777777777,-0.0003700908235420618,0.00023413176188516693,-0.5422967616143822,4.147491181232077
6.101496924147014e-06,2.7777777777777777,-1.4815844039416604e-05,0.00021621637657212987,-0.5135573669475239,3.894562578182564
5.2836485325717176e-06,2.7777777777777777,0.0019245361119349176,0.00021116508684375728,-0.16083822451023252,4.060648663836595
4.7173641793545075e-06,2.7777777777777777,-0.00010392035007117167,0.0002479355077808255,-0.47384545414498136,3.990807307661664
4.289819362131332e-06,2.7777777777777777,0.0002523779930299881,0.00017603328265420527,-0.4451293837198988,3.7352931177881237
6.415138948000116e-06,2.7777777777777777,0.001644211766596425,0.0002160549506236425,-0.35233175664848776,3.8517691672788734
4.289819362131332e-06,2.7777777777777777,-0.0010985865578952436,0.0002456374312071519,-0.5049831769736913,4.036730249250959
4.033544053540104e-06,2.7777777777777777,-0.0020822889419269655,0.00024656681461875574,-0.5315339507757494,3.7136472964790985
7.1585975320409484e-06,2.7777777777777777,0.0016897156646841056,0.0001990549981652071,-0.5193530180398466,3.81281407377289
3.206688418898733e-06,2.7777777777777777,-0.0008462085648652554,0.00022607215340196107,-0.2670308010824068,3.9477062480876293
6.49653843672521e-06,2.888888888888889,-0.0015632186599069354,0.00022740376003741323,-0.6780701182158281,3.941704895475373
4.289819362131332e-06,2.7777777777777777,-4.453729288764513e-05,0.00021268084884490667,-0.4940298882560406,3.8765691686847945
3.3973832684852666e-06,2.7777777777777777,0.00019299493584646176,0.00023733001773333605,-0.5038322872838776,3.7212186622117294
1.8579364013117662e-06,2.7777777777777777,0.00023749936884267237,0.0001986864342099646,-0.4522816141490994,3.988442920318724
3.5837009978787537e-06,2.7777777777777777,0.0011555431544728316,0.00020892083813310215,-0.6990301176745227,3.854045533349096
4.7173641793545075e-06,2.7777777777777777,0.0007125966862023204,0.00019740845830374325,-0.42124788038266076,3.784299327373881
6.170031585344221e-06,2.7777777777777777,-0.002290877845132538,0.00023374542758654727,-0.5456363923335639,4.0237433107004135
5.9359480827105835e-06,2.7777777777777777,-0.00037296816612661355,0.00023823165619163626,-0.6923489979653794,3.826828478371698
4.289819362131332e-06,2.7777777777777777,0.0004899102217640952,0.00021376520069514872,-0.49314626799957273,3.9733703936378424
4.289819362131332e-06,2.7777777777777777,0.0001484576429588166,0.00021023642885079386,-0.2840305857952356,4.145147037245419
7.47680418521708e-06,2.4444444444444446,-0.0005169826776628721,0.0015079053025734517,-0.7409092386114661,4.985370249852961
1.1490983810974427e-05,2.6666666666666665,-0.0015006150741110758,0.0016544314069481144,-0.9178011550891115,4.77932721763994
1.0745870176119362e-05,2.4444444444444446,-0.0026381140390692643,0.0015268960087430265,-0.8486735235685456,5.158585724597143
5.323819127633725e-06,2.6666666666666665,0.005016132327807766,0.0014286187982077688,-0.8479316868496202,5.34362770418313
7.432857391663433e-06,2.5555555555555554,-0.00018578267880769167,0.001304640186355861,-0.5060101552752412,5.377088362230718
9.223455545309853e-06,2.7777777777777777,-0.0008546003225153936,0.0014420051748282152,-1.0500978778373982,5.39908970253413
6.787026505041388e-06,2.6666666666666665,0.003083992468207739,0.0013669553158051676,-0.9704692333326157,5.3042103520245805
9.225479648891583e-06,2.4444444444444446,-0.0017597813206210327,0.0013862009622518255,-0.86396209011641,5.172757348076529
7.785200555552862e-06,2.6666666666666665,-0.0003715674470655411,0.001499219251058481,-1.0670243614930601,4.7192036471614225
1.0220733049280413e-05,2.6666666666666665,0.0003722364637897837,0.0010820034714291843,-0.9169419328205064,5.349674775132011
1.0491397545714426e-05,2.5555555555555554,-0.0014119483589384782,0.0013013004952414984,-0.6518462173238421,5.046277318311393
1.0491397545714426e-05,2.5555555555555554,0.0004087218933769321,0.0014177175162569593,-0.7427417654409167,5.2872447750948295
9.525919143520617e-06,2.6666666666666665,0.002489487896023115,0.001442060399154207,-0.8536243803117494,5.688320716480272
7.438330005178758e-06,3.0,-0.0028355867823452686,0.001502297776106335,-0.3850566916509655,3.318237773705985
1.1641257976748588e-05,2.3333333333333335,-3.4416913763379853e-18,0.0013269261362876196,-0.7294706755477567,5.180227329156231
9.369133532797766e-06,2.5555555555555554,-0.0008943920093096248,0.001449085995633078,-0.9878232607852154,5.099008638933368
1.5327069699074912e-05,2.4444444444444446,0.0018894565738978005,0.0011389972319032031,-0.8411632544965317,5.315694311707904
1.1152960000640549e-05,2.3333333333333335,0.000442436743071571,0.0011906184020820372,-0.8216928743621658,4.891627986914118
6.787026505041388e-06,2.6666666666666665,0.00037156535761539365,0.001427410766076695,-1.1842893596836108,5.541765117415768
1.0745870176119362e-05,2.4444444444444446,-0.0008917568582769325,0.0014516045432937644,-0.8869924036653466,5.193925148272392
6.260800022783633e-06,2.6666666666666665,0.0013747918231769463,0.001297262216403338,-0.9895945867514686,5.309381393507633
1.0745870176119362e-05,2.4444444444444446,0.0011518526086077114,0.001419319021710726,-0.7642691255345568,5.10618070721633
1.0491397545714426e-05,2.5555555555555554,-0.0001114696072846137,0.001381976332474975,-0.7129310195243235,4.9338871783382645
1.0491397545714426e-05,2.5555555555555554,0.0013376352874154066,0.00135672915123961,-0.7249040414143556,5.245414787226488
3.5139026075259128e-06,2.7777777777777777,0.001971538327408786,0.0013674751154421694,-1.0934447917652197,5.329460379536516
3.893672805572825e-06,2.5555555555555554,0.0003715653576153933,0.00144121684757468,-0.9200711618699784,5.150261383746758
1.0745870176119362e-05,2.4444444444444446,-0.0006688176437076986,0.0013635935349604078,-0.8014291432598937,5.197294928711186
5.323819127633725e-06,2.6666666666666665,0.0020436094668846473,0.0012784086315096891,-0.9381722410851798,5.546912302519271
1.3793634803491011e-05,2.2222222222222223,-0.0014354871805424424,0.0015139404518446959,-0.8822470104654984,4.708685390636673
1.1114691671423987e-05,2.4444444444444446,0.0008774761661762213,0.0014416397565748813,-1.0077242035064333,5.4926748021844025
6.787026505041388e-06,2.6666666666666665,0.0016348875735077192,0.0013558455620237386,-1.0313400108830226,5.502371847417374
1.0745870176119362e-05,2.4444444444444446,-0.005907889186084694,0.0015735053398802253,-0.8640605456202503,5.091978579441484
6.778892231516766e-06,2.7777777777777777,0.0022273520343630416,0.0013896584168041728,-1.228219974970297,5.009616058385168
1.0973296475370795e-05,2.6666666666666665,-0.0008679821645283715,0.0013412279557915283,-1.0903123231212977,5.140793064844006
1.0491397545714426e-05,2.5555555555555554,-0.00048303496490000383,0.0013127250276810814,-0.5888034445704409,4.807835887953421
6.262997759508989e-06,2.6666666666666665,0.0009982976581473881,0.0013565096113367949,-0.9645545618902541,5.33947941679238
9.525919143520617e-06,2.6666666666666665,0.0003715653576153932,0.0013197233303924101,-1.0535994675251645,5.465814719923721
0.001442450960898803,2.111111111111111,0.0011340840750324061,0.000530142520046213,0.06605414911605413,3.020511676065517
1.0745870176119362e-05,2.4444444444444446,-0.004087218933769284,0.0015323369854613827,-0.8983172987516462,5.189346582836703
9.428974174052448e-06,2.6666666666666665,-0.002799874967670233,0.0014878165896588694,-1.066100877246084,5.177701312801051
7.432857391663433e-06,2.5555555555555554,-0.0009289133940384715,0.0014915745298385815,-0.8904698309582197,5.205358393259832
7.2284252866788475e-06,2.5555555555555554,-0.004943448232063003,0.0015270075745447748,-0.6519727370158362,4.17796350283077
6.787026505041388e-06,2.6666666666666665,0.0006316611079461658,0.0011468863767272826,-1.08747859258795,5.304128756985732
1.0745870176119362e-05,2.4444444444444446,-0.004904662720523142,0.0014642398690807204,-0.915297307142679,5.169136113810249
6.260800022783633e-06,2.6666666666666665,-0.003938592790723129,0.001442409693016106,-1.0455871183870349,5.2566060901104095
1.3355957869565978e-05,2.5555555555555554,-0.003635622624181905,0.0014126038779366994,-1.0379324751523753,5.532106419138749
7.4652970136383736e-06,2.6666666666666665,0.004109353250101647,0.0013424295585628898,-1.0226417083856025,5.153168401074804
1.0491397545714426e-05,2.5555555555555554,-0.001969296395361563,0.0014112452252507041,-0.85761786567487,5.357441507715502
5.169982710478432e-06,2.6666666666666665,0.00018435353214425466,0.001390682333166628,-0.9262415042986614,5.005333592275539
3.893672805572825e-06,2.5555555555555554,0.002563800967546193,0.001267728246862848,-0.8266888355457417,5.289147756772032
1.0745870176119362e-05,2.4444444444444446,0.00011146960728462019,0.001312945924985049,-0.9635152589691951,5.274479528134984
9.253066585462514e-06,2.7777777777777777,0.000297045455455535,0.0012600321762255573,-1.0322895997258699,5.602914302983066
7.432857391663433e-06,2.5555555555555554,0.003529870897346206,0.0013557226878984064,-0.6163083708406241,5.361283358547055
1.1526583358252684e-05,2.6666666666666665,0.0006279919926762515,0.0014283582841199832,-0.8632045653471635,5.316263422512564
1.093681009949036e-05,2.5555555555555554,3.7040648100246373e-05,0.0012444113457898793,-0.8424704836246658,5.396815460830984
1.0745870176119362e-05,2.4444444444444446,-0.0010032264655615495,0.0016515814919676314,-0.9141484464243661,5.416909645507278
6.260800022783633e-06,2.6666666666666665,0.0008546003225154006,0.001524841663816127,-1.1468815739972342,5.255395950044651
0.01723863052109765,2.6666666666666665,-0.002391748579450218,0.006857472664425787,-1.0563117728976554,4.931790418809561
1.0491397545714426e-05,2.5555555555555554,-0.0007802872509923154,0.0014669776150417707,-0.823570533199034,5.006476812548932
1.0491397545714426e-05,2.5555555555555554,2.886579864025407e-18,0.0014220263942924809,-0.7576512507826404,5.095267686367013
7.065592523341047e-06,2.7777777777777777,-0.0007033032832239255,0.0015683631397871323,-1.143002735635957,5.639509754605996
6.75610859673962e-06,2.6666666666666665,-0.001095516550369093,0.0013245375364381435,-0.8546496368140438,4.541168838228509
7.351521349166958e-06,3.0,-0.0020610603184056313,0.001191460445105584,-0.4066337019017525,3.601701190326607
7.349596051527772e-06,2.888888888888889,-0.0011744370889717093,0.0011345168541906823,-0.42383867558348637,4.172085065921576
8.334921918578959e-06,3.0,-0.003124607896217241,0.001176933228672892,-0.35184718002543647,3.641880659750725
9.058676221004643e-06,3.0,-0.0005096939004496588,0.001127796883665658,-0.42371694701417567,3.5803675859654036
4.350622033064049e-06,3.0,0.0037953318721835544,0.0010585100921274122,-0.42227059283706314,3.6622599097872883
2.2062673527406063e-06,3.0,0.0015964853426206156,0.0011058987085529107,-0.4262611763231477,3.551570507519969
7.772183677941471e-06,3.0,-0.0008655675601399315,0.000941301267638486,-0.4544820000433671,3.5573865728929577
3.895313937123742e-06,3.0,0.0022946261477439674,0.001099553814713631,-0.3683141805714951,3.643501518384047
3.89627584870266e-06,3.0,-0.00013303410151356608,0.001075140185983352,-0.5242105290655028,3.503029122063765
7.560932109827396e-06,3.0,-0.001266685685268596,0.001062871916656778,-0.558921952935721,3.485680526624849
3.6633305303226193e-06,3.0,-0.00026807293129754625,0.0011789320637657246,-0.6309547995970419,3.810346104958732
6.590623123505225e-06,3.0,0.0018275975127514878,0.0012220266651666294,-0.48828974680883047,3.7189231954083235
9.17852953831929e-06,3.0,0.002000542346373503,0.0011031766299432252,-0.5139287872124545,3.461879350033512
6.276681994600221e-06,3.0,0.0006339758906007718,0.0011341188862888064,-0.4757074319715889,3.5945866515120097
5.5183371634379546e-06,2.888888888888889,-0.0019295080450237702,0.0011020622404579786,-0.5665473615816321,3.7816362005976423
4.8602798419043e-06,3.0,-0.0006355437130604275,0.001171063824735977,-0.4775401711934255,3.4814634113289906
8.448793089073365e-06,2.888888888888889,-0.0025637807610359342,0.0010813357941146498,-0.5602127735224497,4.286138056085487
5.3070071048571886e-06,3.0,-0.0025582143418469423,0.0010811775258905399,-0.5557155374129724,3.765431318878093
5.1231299738695466e-06,3.0,0.0010332926628161885,0.0010888465062898326,-0.3526803233333144,3.58905669122203
7.95574639879204e-06,3.0,0.0009306883481767041,0.0010509247923658539,-0.4892879465732432,3.708594085516098
7.75222355115122e-06,3.0,-0.0011998921040123646,0.0011183588621496768,-0.34376660765786715,3.4738411622127803
3.8254829810069525e-06,3.0,0.0010015246090253442,0.0011536207240272615,-0.5442796682271588,3.7103127889441883
5.2917903466164446e-06,3.0,0.0008647127315030414,0.0010522658204693812,-0.4140838058575939,3.8544494538312355
4.0251048675084305e-06,3.0,0.002693510696334835,0.0011283775055081634,-0.41277850214765627,3.6824198067351763
6.7970974657556365e-06,3.0,0.0023629365530274146,0.0011042734605685343,-0.47363658469078795,3.962917843662171
3.8086276263997495e-06,3.0,6.650154087173132e-05,0.0010945531747777884,-0.5339320970365364,3.707078643238278
4.3542659761056566e-06,3.0,0.002381238166345504,0.001057299149070717,-0.2080196498872144,3.4396883335515733
7.833514308976066e-06,3.0,0.0004671482935890727,0.0010953730365122654,-0.6736210194092839,3.666177905990206
6.991983911487659e-06,3.0,0.00016704743287353007,0.001041380904197206,-0.49601797215149585,3.819798708244561
4.721405071741836e-06,3.0,0.002804212077085734,0.0011393164498074279,-0.5697149507255149,3.656001125626618
5.459924547081707e-06,3.0,0.00016620228079187126,0.0010662278250220779,-0.32014628695364217,3.5868218200222657
5.262471104435988e-06,3.0,-0.004225784718728401,0.0011789741815821742,-0.49253941259848066,3.702900173728724
6.022763223213662e-06,3.0,-0.00026602921857661453,0.0012030454957750974,-0.5868090925336594,3.764284593340421
7.734573328353459e-06,2.888888888888889,0.0008972420793872565,0.0011487836073136985,-0.5855564617835005,3.5202026493443115
6.781401910571141e-06,3.0,-0.0016294039338677663,0.001102010691518359,-0.5652635366817453,3.7359285260975805
7.358543816376147e-06,3.0,-0.0009985880713824908,0.0009695895412028962,-0.20426130874157308,4.219422422185864
6.930042453719077e-06,3.0,0.0027380172934465385,0.0010672885239481204,-0.5039926563723863,3.9964266282329697
3.887401780774782e-06,2.7777777777777777,-0.00042509398991836124,0.00021662220160044183,-0.8903470693618001,4.449467772785789
7.283949583361795e-06,2.888888888888889,-0.0002693118555496693,0.00116038947975816,-0.7368128185943119,3.89694640455167
7.5607318756043e-06,3.0,-0.0009643269575367627,0.0011457213943635556,-0.510871862183774,3.7865054812781973
6.445810110242709e-06,3.0,0.0020120424675184384,0.0010949627658579156,-0.5646552537832978,3.6725030169292516
7.549143717945471e-06,3.0,0.0006318657305082994,0.0011287936590504055,-0.6315314793945412,3.9225832714561943
6.797579616861771e-06,3.0,-0.0017703566782517758,0.0011315911968937777,-0.42844243461610254,3.914894518259256
7.1787918966435045e-06,3.0,-0.0010973547905019805,0.0010592327704544895,-0.48438790194727965,4.031393915060826
7.91327790345833e-06,2.6666666666666665,-0.0028892382383582616,0.001304853029977207,-0.9923519157264017,5.010736217054541
8.259818888892813e-06,3.0,-0.0006321364823915186,0.0010279249978499836,-0.6995940011082716,3.517600945480069
7.230107948868627e-06,3.0,0.0009055219249771994,0.0011565861827954158,-0.4913275777024366,3.6328942936667645
9.260833775548015e-06,3.0,0.0007648336358536424,0.0010930555118104847,-0.5527480092509937,3.5395069950808464
4.357051877113466e-06,2.888888888888889,-0.00010065490659756749,0.001036770847991333,-0.29949460109139436,4.24338537646397
3.3570440708437107e-06,3.0,0.00171550871649031,0.0012019465190965444,-0.33290664196097947,3.6084347961934857
6.632230692710927e-06,3.0,-0.0004346124779660692,0.0010470777488316852,-0.4570799840226186,4.5522846464697215
5.551637651074129e-06,3.0,0.0006993323416682664,0.0009743154047673605,-0.3987418650771072,3.521352365989223
4.7476247431661605e-06,3.0,-6.67206164313659e-05,0.00126426149494208,-0.6005914163614845,3.7103405457963476
7.923629123713554e-06,3.0,6.706733389438821e-05,0.0011942217436714327,-0.5522300084226757,3.5084022653774585
7.779588772133852e-06,3.0,0.0038289545505587374,0.001030724517415011,-0.5122987143265565,3.6383186938935115
5.765498703750119e-06,3.0,-0.0021955956227914025,0.001192592727676622,-0.5062481983385966,3.6221501929569793
6.719197074153107e-06,3.0,0.0017328797520667978,0.0010608845542618877,-0.5024817795914964,3.7012928990053253
3.0198262321601614e-06,2.7777777777777777,0.0035360066185307288,0.0017928615984070836,-0.6279007094851949,3.9817058315725875
4.098884755492288e-06,2.888888888888889,-0.0003624789133578275,0.001058597440139408,-0.3831752175600533,3.676830221596399
6.101593233339255e-06,3.0,-0.0014664399398888132,0.0010886233491246445,-0.45611790988092143,3.7969189259964584
4.587546593271933e-06,3.0,-0.0011971106930984614,0.001026930221299842,-0.6655452478032204,3.6925783380114234
8.43357711552061e-06,3.0,-0.003502388220109693,0.0010560813995542757,-0.3854398179208298,3.5731907786510932
4.610303347716939e-06,2.7777777777777777,-0.0011154559844080896,0.00040848302714066587,-0.537748023772608,3.9936224620027603
5.114652166086013e-06,2.6666666666666665,-0.0010312706270942718,0.0003865163301310877,-0.3663386279229141,3.93128721779645
5.871167238656229e-06,2.7777777777777777,-0.0006313901798536358,0.0004540664039465756,-0.4255903911597953,3.8458244880319943
6.284541758568656e-06,2.7777777777777777,-0.002104633932845452,0.0004332035343476256,-0.49380562865497807,4.143020234141177
4.610303347716939e-06,2.7777777777777777,-0.00035778776858372654,0.0004769274137739942,-0.5299485877509675,3.88163171970263
3.620410534338007e-06,2.7777777777777777,-0.001178595002393453,0.00042561317058016044,-0.5503911803798692,3.928629922822672
5.871167238656229e-06,2.7777777777777777,0.0007787145551528176,0.00039228883366852974,-0.613541411908218,3.868295453967755
4.610303347716939e-06,2.7777777777777777,0.0010523169664227259,0.0004267807825602631,-0.3411568462027542,4.043545022081893
4.915927343432441e-06,2.7777777777777777,-0.00033674142925527265,0.00047472728907552316,-0.4655620989875207,3.9593461939848553
2.4645853626192155e-06,2.7777777777777777,0.0005261584832113633,0.00046703371833106114,-0.6817401595892624,3.9013810760421475
7.31905816544527e-06,2.7777777777777777,0.0016205681282909982,0.000407986924933642,-0.49348030780973823,4.295422865621983
6.085477235833516e-06,2.7777777777777777,-0.001368012056349544,0.0004113993994005276,-0.5537044443780428,4.013572052881921
4.610303347716939e-06,2.7777777777777777,-0.0003998804472406359,0.00038919173846182353,-0.4284983300659257,4.0251114020915235
5.114652166086013e-06,2.6666666666666665,0.0005892975011967266,0.0004461447147765625,-0.40622321333686107,3.7481724055995307
5.871167238656229e-06,2.7777777777777777,-0.0010733633057511804,0.0004245213027763088,-0.5502064131122885,3.929969861614045
6.284541758568656e-06,2.7777777777777777,-0.0002104633932845451,0.0004464476914815664,-0.412859959691091,3.962997112477632
4.610303347716939e-06,2.7777777777777777,0.0015363827709771805,0.0003861052740166965,-0.5582123855973019,4.026027441469312
3.620410534338007e-06,2.7777777777777777,-0.0023992826834438154,0.00047351361046191117,-0.5038753442718417,3.9918897284552535
5.871167238656229e-06,2.7777777777777777,0.0010312706270942718,0.00041929451166659317,-0.6257130566337844,3.9831397876690917
4.610303347716939e-06,2.7777777777777777,0.0002736024112699085,0.0004052229269230805,-0.4510601679701491,3.8036608901415305
4.915927343432441e-06,2.7777777777777777,0.001368012056349544,0.00047606986567328146,-0.8031130801041841,3.844748498593505
2.4645853626192155e-06,2.7777777777777777,-0.0006734828585105449,0.00041503201922177995,-0.240380219105225,3.821472472800678
7.31905816544527e-06,2.7777777777777777,-0.0002525560719414537,0.000471233312103198,-0.7962286390141416,4.140997275282184
6.085477235833516e-06,2.7777777777777777,-0.00029464875059836336,0.0004924718019446089,-0.48391777471401126,4.06452018727353
4.610303347716939e-06,2.7777777777777777,-0.0006524365191820898,0.0004358784997299624,-0.737029576850934,4.157785422013762
5.114652166086013e-06,2.6666666666666665,0.001010224287765817,0.0005092560026843842,-0.5870351789861812,3.939649224606696
5.871167238656229e-06,2.7777777777777777,-0.002672885094713724,0.00045573676235968904,-0.4512685217736914,3.918493826567929
6.284541758568656e-06,2.7777777777777777,0.00176789250359018,0.0004274204000486046,-0.5420082947996003,4.111730229321986
4.610303347716939e-06,2.7777777777777777,0.001725799824933271,0.0003823867222060132,-0.38015220457319726,3.818616560396698
3.620410534338007e-06,2.7777777777777777,0.002378236344115361,0.00042621868104176906,-0.5388784497114757,3.927060856872186
5.871167238656229e-06,2.7777777777777777,0.0002104633932845451,0.0003773477412175279,-0.6302481276769643,4.036967793910246
4.610303347716939e-06,2.7777777777777777,-0.0020414949148600883,0.0004985787315233929,-0.7758779639636296,4.089699676900484
4.915927343432441e-06,2.7777777777777777,-0.0017257998249332709,0.0004187084909345462,-0.5798511492776789,4.121137277371421
2.4645853626192155e-06,2.7777777777777777,0.0018099851822470888,0.0004157531392155611,-0.5749215158605122,4.1874338607173405
7.31905816544527e-06,2.7777777777777777,0.0009681316091089082,0.00040125986759607826,-0.4884116088582959,4.074115785671139
6.085477235833516e-06,2.7777777777777777,0.0017257998249332706,0.00045325846606656544,-0.5122875771213012,3.949521751800712
4.610303347716939e-06,2.7777777777777777,-0.0012838266990357256,0.0004762931116664423,-0.7228557808926083,4.141768107327468
5.114652166086013e-06,2.6666666666666665,-0.0009470852697804535,0.000441608480221088,-0.554832899419718,3.8141917260789073
5.871167238656229e-06,2.7777777777777777,-0.0011996413417219077,0.0005287700944079882,-0.6506914164764401,3.9223854079798963
6.284541758568656e-06,2.7777777777777777,0.0016416144676194527,0.00041544839071696075,-0.4204913517328514,3.962998902640229
3.620410534338007e-06,2.7777777777777777,0.00037883410791218156,0.0004445766774436477,-0.6207782211030068,4.122687461482682
2.4645853626192155e-06,2.7777777777777777,0.0004209267865690902,0.00045694556854091064,-0.48092882260339326,3.8799135096542994
1.6280765648498585e-06,2.6666666666666665,-0.0016416144676194527,0.00041633428751521766,-0.5087400271553654,3.9795360772304043
6.845484831895217e-06,2.7777777777777777,0.00048406580455445403,0.0004360698534383859,-0.6971157260413919,4.208050696863582
8.256555095771044e-06,2.7777777777777777,0.0002525560719414541,0.00048009228008576697,-0.6832955162265697,3.9451322381126817
5.743076530072404e-06,2.7777777777777777,0.00012627803597072728,0.00039420812908195325,-0.783754684727742,4.10734073247293
3.620410534338007e-06,2.7777777777777777,-0.0015153364316487252,0.0005318995248478306,-0.8194169960658907,4.0251878751123495
3.620410534338007e-06,2.888888888888889,-0.001368012056349544,0.0004424057873395192,-0.48285121733938197,3.9538907397844523
5.871167238656229e-06,2.7777777777777777,0.0018310315215755433,0.0004347232903050353,-0.6745120265459622,3.915935514817572
6.085477235833516e-06,2.7777777777777777,-0.0006945291978389996,0.0004278487311505618,-0.4459462152627237,4.162608308620177
1.6280765648498585e-06,2.7777777777777777,-0.0018520778609039978,0.0004909002210245013,-0.5234744352275879,4.130623404145138
6.845484831895217e-06,2.7777777777777777,0.00033674142925527227,0.00042068758438185204,-0.6478073224718316,4.206981181965508
3.620410534338007e-06,2.7777777777777777,2.1046339328454568e-05,0.00044161911098266704,-0.5444399548259093,3.876717919574783
2.4645853626192155e-06,2.7777777777777777,-0.00033674142925527195,0.0004206875843818521,-0.6292419049280613,3.9376933729102346
1.6280765648498585e-06,2.6666666666666665,-0.001010224287765817,0.0004366124652273182,-0.5967062196387097,3.8248899563647254
6.845484831895217e-06,2.7777777777777777,-0.001662660806947907,0.00041493589941916914,-0.622613234640633,3.968887698160944
8.256555095771044e-06,2.7777777777777777,-0.0011785950023934534,0.0004247272737819036,-0.4438382204633647,3.994237340865265
5.743076530072404e-06,2.7777777777777777,0.0008839462517950898,0.0005094951948199137,-0.5504169331330815,4.103378756300567
3.620410534338007e-06,2.7777777777777777,-0.0016626608069479074,0.0004654320169198126,-0.5045759586062918,4.076856846546862
3.620410534338007e-06,2.888888888888889,-0.0005051121438829082,0.0004187740472976171,-0.6765369947928965,4.044898057381552
5.871167238656229e-06,2.7777777777777777,0.00021046339328454537,0.0004473335882798233,-0.74126304438118,4.017976956836726
6.085477235833516e-06,2.7777777777777777,-0.0008418535731381807,0.00042895122971599244,-0.4047613113744841,3.9058659679590644
6.091193327105984e-06,2.888888888888889,0.0029300230029759406,0.00036767653414146906,-0.43777027326413714,3.496470968427949
3.892547256122234e-06,2.888888888888889,-0.0014452140487651625,0.0003886746732622298,-0.5644725670452705,3.7643282028045957
7.162806130425064e-06,2.7777777777777777,0.0011680497106458135,0.0003619632373806043,-0.31399210302401304,3.4867416048354887
6.091193327105984e-06,2.888888888888889,-0.0005939235816843144,0.0003876669977479139,-0.4218321267867176,3.5661331715138624
6.091193327105984e-06,2.888888888888889,0.0010294675415861406,0.00040734077453383476,-0.43819000904910294,3.4129931783701366
2.831746474265079e-06,2.7777777777777777,0.0005741261289615007,0.00040689513973812206,-0.42101736818296603,3.537940853755518
3.881996389443741e-06,2.888888888888889,0.0007325057507439838,0.000417662491635939,-0.40665234779094706,3.7026245652878473
2.841814839825778e-06,2.888888888888889,0.0003365566962877755,0.000394569437842281,-0.49733238741168556,3.5106803406619664
2.795494376062355e-06,2.7777777777777777,-0.0006731133925755562,0.000369537461151182,-0.3187216363179194,3.451620694196439
2.795494376062355e-06,2.888888888888889,0.002553871401242543,0.00035131817049269276,-0.033038338705184744,3.5229404208080646
5.608491727283013e-06,2.888888888888889,0.0020391376304494716,0.0003740631823350816,-0.4772765151773709,3.566781630642413
2.95839418485502e-06,2.7777777777777777,-7.918981089124352e-05,0.0003872295936740218,-0.5724305603327248,3.6890991361979144
6.091193327105984e-06,2.888888888888889,0.0004157465071790172,0.00037961617599001287,-0.30006832473889,3.5627595141965345
3.892547256122234e-06,2.888888888888889,0.0005939235816843111,0.00038139597159892325,-0.3537847802516055,3.5925829159327884
7.162806130425064e-06,2.7777777777777777,-0.0018609605559441816,0.0004206149691347106,-0.49160983056966906,3.521273102035693
6.091193327105984e-06,2.888888888888889,-0.00015837962178248514,0.0003629105542682361,-0.36788074168084217,3.4995881325948583
6.091193327105984e-06,2.888888888888889,-0.0008512904670808499,0.0004041484302848641,-0.35517724098543313,3.508827628177296
2.831746474265079e-06,2.7777777777777777,-0.000673113392575556,0.000410299131119621,-0.4081689123598517,3.5518826212794115
3.881996389443741e-06,2.888888888888889,0.0004355439599018277,0.0003893978009650353,-0.1894220330597629,3.4851959224016
2.841814839825778e-06,2.888888888888889,0.000930480277972088,0.00037892322760054944,-0.5422049888476677,3.423179452737653
2.795494376062355e-06,2.7777777777777777,0.0001979745272281024,0.00037543849675738216,-0.35277990258488057,3.5083967435854593
2.795494376062355e-06,2.888888888888889,0.00025736688539653373,0.0003993197401501414,-0.41690522630501387,3.6536532543695417
5.608491727283013e-06,2.888888888888889,-0.0005741261289615038,0.00040297574839500284,-0.5865760769164318,3.5346986271014895
2.95839418485502e-06,2.7777777777777777,0.0017223783868845048,0.00035800935539366573,-0.346007362975491,3.697147997297104
6.091193327105984e-06,2.888888888888889,-0.0013858216905967312,0.00041510273714974786,-0.3497839225741997,3.644958748062056
3.892547256122234e-06,2.888888888888889,-0.0033655669628777727,0.0004566482853868107,-0.5223302794648971,3.617842847088647
7.162806130425064e-06,2.7777777777777777,-0.00015837962178248522,0.0004028883459680513,-0.38699946211290437,3.4935399553048674
6.091193327105984e-06,2.888888888888889,0.0005939235816843109,0.0003727733106440611,-0.454556750493855,3.4081389166501337
6.091193327105984e-06,2.888888888888889,0.0001979745272281026,0.0003871966707867397,-0.2644227252529208,3.355376573311059
2.831746474265079e-06,2.7777777777777777,0.0017025809341616944,0.00037728217844518544,-0.49022802695031203,3.59668287904923
3.881996389443741e-06,2.888888888888889,0.0023558968740144386,0.00038756470163385845,-0.4166566395036866,3.620665858010571
2.841814839825778e-06,2.888888888888889,0.00011878471633686083,0.00036997643298161134,-0.2540428968017248,3.4465117170818154
2.795494376062355e-06,2.7777777777777777,0.00021777197995091323,0.0003836609878561118,-0.32556403948128687,3.5863155480630744
2.795494376062355e-06,2.888888888888889,-0.001880758008666992,0.00039349709237080364,-0.47119744512506134,3.4135594329709993
5.608491727283013e-06,2.888888888888889,0.0010888598997545716,0.0003582225702827314,-0.5355729399061822,3.548640092578989
2.95839418485502e-06,2.7777777777777777,0.0007918981089124153,0.0003724989532500428,-0.2742619331837491,3.4957741687841004
6.091193327105984e-06,2.888888888888889,0.0006929108452983631,0.0004185028091399037,-0.3962050890809862,3.5470288729757744
3.892547256122234e-06,2.888888888888889,-0.00029696179084215787,0.000380484713111648,-0.48439030148219664,3.743444988451374
7.162806130425064e-06,2.7777777777777777,-0.00037615160173339957,0.0003976767312991059,-0.4609989161156885,3.4775508650608775
6.091193327105984e-06,2.888888888888889,-0.000197974527228106,0.0003730868619515107,-0.4968555333573724,3.659364685933344
6.091193327105984e-06,2.888888888888889,0.0004355439599018278,0.00037528799212980634,-0.2745131950433198,3.538025060442965
2.831746474265079e-06,2.7777777777777777,0.0003365566962877755,0.00040397597706576694,-0.40095928655264634,3.6192469166785397
3.881996389443741e-06,2.888888888888889,-0.00015837962178248498,0.0003676138238799791,-0.18218364489911687,3.5527189289420336
2.841814839825778e-06,2.888888888888889,-0.00017817707450529553,0.00038210890888423657,-0.4058489624966093,3.512694320430073
2.795494376062355e-06,2.7777777777777777,0.00031675924356496497,0.000400461458848392,-0.4502818664002912,3.4575493584359136
2.795494376062355e-06,2.888888888888889,0.0004157465071790172,0.0003474771669764359,-0.2430190180656157,3.4077590013545214
5.608491727283013e-06,2.888888888888889,-0.0010492649943089542,0.00036771376835922865,-0.3627889631811703,3.4107281417198863
2.95839418485502e-06,2.7777777777777777,-0.0007523032034667975,0.0004086184961116915,-0.48200065834313627,3.557055358432065
6.091193327105984e-06,2.888888888888889,-0.0006533159398527456,0.0004209077476680416,-0.3869624845217346,3.616321403705775
3.892547256122234e-06,2.888888888888889,0.0002375694326737232,0.0004106957735235447,-0.46588451279793514,3.661901004521009
7.162806130425064e-06,2.7777777777777777,0.0007325057507439841,0.00042471739605355336,-0.4727993716371211,3.6442461956658683
6.091193327105984e-06,2.888888888888889,-0.0007127082980211769,0.00039535057253696466,-0.43136911936336686,3.4475572919694137
6.091193327105984e-06,2.888888888888889,0.0018213656504985568,0.00043016730971616045,-0.4084991210403997,3.469219050233854
2.831746474265079e-06,2.7777777777777777,-0.0006533159398527459,0.0004271787738170322,-0.6301888049188249,3.6060035861678816
3.881996389443741e-06,2.888888888888889,0.00043554395990182766,0.0003823428965474208,-0.5048208017323785,3.514800369506088
2.841814839825778e-06,2.888888888888889,-0.0005741261289615034,0.0003567269305461971,-0.3222248619016076,3.6303143275162144
2.795494376062355e-06,2.7777777777777777,0.0004949363180702587,0.0003975732593676475,-0.37302163435748,3.5292998526120556
2.795494376062355e-06,2.888888888888889,-0.0008314930143580394,0.0004406320846022887,-0.3139795119730399,3.573247034553496
5.608491727283013e-06,2.888888888888889,-0.0005741261289615036,0.00037397225245592127,-0.27033793059874234,3.501986484761203
2.95839418485502e-06,2.7777777777777777,0.0012472395215370551,0.0004197789629612233,-0.418321831923601,3.563379087691834
6.091193327105984e-06,2.888888888888889,0.0003563541490105859,0.00037456682412267245,-0.4855330944304639,3.6789876686784524
3.892547256122234e-06,2.888888888888889,-0.0015639987651020252,0.00041418520763632363,-0.47136002099334495,3.624592137646358
